-- MySQL dump 10.13  Distrib 9.4.0, for macos15.4 (arm64)
--
-- Host: localhost    Database: Cinegator
-- ------------------------------------------------------
-- Server version	9.2.0

/*!40101 SET @OLD_CHARACTER_SET_CLIENT=@@CHARACTER_SET_CLIENT */;
/*!40101 SET @OLD_CHARACTER_SET_RESULTS=@@CHARACTER_SET_RESULTS */;
/*!40101 SET @OLD_COLLATION_CONNECTION=@@COLLATION_CONNECTION */;
/*!50503 SET NAMES utf8mb4 */;
/*!40103 SET @OLD_TIME_ZONE=@@TIME_ZONE */;
/*!40103 SET TIME_ZONE='+00:00' */;
/*!40014 SET @OLD_UNIQUE_CHECKS=@@UNIQUE_CHECKS, UNIQUE_CHECKS=0 */;
/*!40014 SET @OLD_FOREIGN_KEY_CHECKS=@@FOREIGN_KEY_CHECKS, FOREIGN_KEY_CHECKS=0 */;
/*!40101 SET @OLD_SQL_MODE=@@SQL_MODE, SQL_MODE='NO_AUTO_VALUE_ON_ZERO' */;
/*!40111 SET @OLD_SQL_NOTES=@@SQL_NOTES, SQL_NOTES=0 */;

--
-- Table structure for table `Actors`
--

DROP TABLE IF EXISTS `Actors`;
/*!40101 SET @saved_cs_client     = @@character_set_client */;
/*!50503 SET character_set_client = utf8mb4 */;
CREATE TABLE `Actors` (
  `CrewID` int NOT NULL,
  PRIMARY KEY (`CrewID`),
  CONSTRAINT `actors_ibfk_1` FOREIGN KEY (`CrewID`) REFERENCES `FilmCrew` (`CrewID`) ON DELETE CASCADE ON UPDATE CASCADE
) ENGINE=InnoDB DEFAULT CHARSET=utf8mb4 COLLATE=utf8mb4_0900_ai_ci;
/*!40101 SET character_set_client = @saved_cs_client */;

--
-- Dumping data for table `Actors`
--

LOCK TABLES `Actors` WRITE;
/*!40000 ALTER TABLE `Actors` DISABLE KEYS */;
INSERT INTO `Actors` VALUES (1),(2),(3),(4),(5),(6),(7),(8),(9),(10),(11),(12),(13),(14),(15),(16),(17),(18),(19),(20),(21),(22),(23),(24),(25),(26),(27),(28),(29),(30),(31),(32),(33),(34),(35),(36),(37),(38),(39),(40),(41),(42),(43),(44),(45),(46),(47),(48),(49),(50),(51),(52),(53),(54),(55),(56),(57),(58),(59),(60),(61),(62),(63),(64),(65),(66),(67),(68),(69),(70),(71),(72),(73),(74),(75),(76),(77),(78),(79),(80),(81),(82),(83),(84),(85),(86),(87),(88),(89),(90),(91),(92),(93),(94),(95),(96),(97),(98),(99),(100);
/*!40000 ALTER TABLE `Actors` ENABLE KEYS */;
UNLOCK TABLES;

--
-- Table structure for table `AdminMovieManagement`
--

DROP TABLE IF EXISTS `AdminMovieManagement`;
/*!40101 SET @saved_cs_client     = @@character_set_client */;
/*!50503 SET character_set_client = utf8mb4 */;
CREATE TABLE `AdminMovieManagement` (
  `id` int NOT NULL AUTO_INCREMENT,
  `AdminID` int NOT NULL,
  `MovieID` int NOT NULL,
  PRIMARY KEY (`id`),
  UNIQUE KEY `unique_admin_movie` (`AdminID`,`MovieID`),
  UNIQUE KEY `uq_adminMovie` (`AdminID`,`MovieID`),
  KEY `MovieID` (`MovieID`),
  CONSTRAINT `adminmoviemanagement_ibfk_1` FOREIGN KEY (`AdminID`) REFERENCES `Admins` (`AdminID`) ON DELETE CASCADE ON UPDATE CASCADE,
  CONSTRAINT `adminmoviemanagement_ibfk_2` FOREIGN KEY (`MovieID`) REFERENCES `Movies` (`MovieID`) ON DELETE CASCADE ON UPDATE CASCADE
) ENGINE=InnoDB AUTO_INCREMENT=7 DEFAULT CHARSET=utf8mb4 COLLATE=utf8mb4_0900_ai_ci;
/*!40101 SET character_set_client = @saved_cs_client */;

--
-- Dumping data for table `AdminMovieManagement`
--

LOCK TABLES `AdminMovieManagement` WRITE;
/*!40000 ALTER TABLE `AdminMovieManagement` DISABLE KEYS */;
INSERT INTO `AdminMovieManagement` VALUES (5,1,1),(6,1,456793),(3,2,456791),(4,2,456792),(1,3,1),(2,3,456791);
/*!40000 ALTER TABLE `AdminMovieManagement` ENABLE KEYS */;
UNLOCK TABLES;

--
-- Table structure for table `Admins`
--

DROP TABLE IF EXISTS `Admins`;
/*!40101 SET @saved_cs_client     = @@character_set_client */;
/*!50503 SET character_set_client = utf8mb4 */;
CREATE TABLE `Admins` (
  `AdminID` int NOT NULL AUTO_INCREMENT,
  `FirstName` varchar(50) DEFAULT NULL,
  `LastName` varchar(50) DEFAULT NULL,
  `Email` varchar(100) DEFAULT NULL,
  `Password` varchar(255) DEFAULT NULL,
  PRIMARY KEY (`AdminID`),
  UNIQUE KEY `Email` (`Email`)
) ENGINE=InnoDB AUTO_INCREMENT=6 DEFAULT CHARSET=utf8mb4 COLLATE=utf8mb4_0900_ai_ci;
/*!40101 SET character_set_client = @saved_cs_client */;

--
-- Dumping data for table `Admins`
--

LOCK TABLES `Admins` WRITE;
/*!40000 ALTER TABLE `Admins` DISABLE KEYS */;
INSERT INTO `Admins` VALUES (1,'Hardik','Mehta','hardik.mehta@admin.cinegator.com','123'),(2,'Advait','Modh','advait.modh@admin.cinegator.com','123'),(3,'Maharsh','Patel','maharsh.patel@cinegator.com','123'),(4,'Alice','Smith','alice.smith@cinegator.com','123'),(5,'Bob','Johnson','bob.johnson@admin.cinegator.com','123');
/*!40000 ALTER TABLE `Admins` ENABLE KEYS */;
UNLOCK TABLES;

--
-- Table structure for table `auth_group`
--

DROP TABLE IF EXISTS `auth_group`;
/*!40101 SET @saved_cs_client     = @@character_set_client */;
/*!50503 SET character_set_client = utf8mb4 */;
CREATE TABLE `auth_group` (
  `id` int NOT NULL AUTO_INCREMENT,
  `name` varchar(150) NOT NULL,
  PRIMARY KEY (`id`),
  UNIQUE KEY `name` (`name`)
) ENGINE=InnoDB DEFAULT CHARSET=utf8mb4 COLLATE=utf8mb4_0900_ai_ci;
/*!40101 SET character_set_client = @saved_cs_client */;

--
-- Dumping data for table `auth_group`
--

LOCK TABLES `auth_group` WRITE;
/*!40000 ALTER TABLE `auth_group` DISABLE KEYS */;
/*!40000 ALTER TABLE `auth_group` ENABLE KEYS */;
UNLOCK TABLES;

--
-- Table structure for table `auth_group_permissions`
--

DROP TABLE IF EXISTS `auth_group_permissions`;
/*!40101 SET @saved_cs_client     = @@character_set_client */;
/*!50503 SET character_set_client = utf8mb4 */;
CREATE TABLE `auth_group_permissions` (
  `id` bigint NOT NULL AUTO_INCREMENT,
  `group_id` int NOT NULL,
  `permission_id` int NOT NULL,
  PRIMARY KEY (`id`),
  UNIQUE KEY `auth_group_permissions_group_id_permission_id_0cd325b0_uniq` (`group_id`,`permission_id`),
  KEY `auth_group_permissio_permission_id_84c5c92e_fk_auth_perm` (`permission_id`),
  CONSTRAINT `auth_group_permissio_permission_id_84c5c92e_fk_auth_perm` FOREIGN KEY (`permission_id`) REFERENCES `auth_permission` (`id`),
  CONSTRAINT `auth_group_permissions_group_id_b120cbf9_fk_auth_group_id` FOREIGN KEY (`group_id`) REFERENCES `auth_group` (`id`)
) ENGINE=InnoDB DEFAULT CHARSET=utf8mb4 COLLATE=utf8mb4_0900_ai_ci;
/*!40101 SET character_set_client = @saved_cs_client */;

--
-- Dumping data for table `auth_group_permissions`
--

LOCK TABLES `auth_group_permissions` WRITE;
/*!40000 ALTER TABLE `auth_group_permissions` DISABLE KEYS */;
/*!40000 ALTER TABLE `auth_group_permissions` ENABLE KEYS */;
UNLOCK TABLES;

--
-- Table structure for table `auth_permission`
--

DROP TABLE IF EXISTS `auth_permission`;
/*!40101 SET @saved_cs_client     = @@character_set_client */;
/*!50503 SET character_set_client = utf8mb4 */;
CREATE TABLE `auth_permission` (
  `id` int NOT NULL AUTO_INCREMENT,
  `name` varchar(255) NOT NULL,
  `content_type_id` int NOT NULL,
  `codename` varchar(100) NOT NULL,
  PRIMARY KEY (`id`),
  UNIQUE KEY `auth_permission_content_type_id_codename_01ab375a_uniq` (`content_type_id`,`codename`),
  CONSTRAINT `auth_permission_content_type_id_2f476e4b_fk_django_co` FOREIGN KEY (`content_type_id`) REFERENCES `django_content_type` (`id`)
) ENGINE=InnoDB AUTO_INCREMENT=77 DEFAULT CHARSET=utf8mb4 COLLATE=utf8mb4_0900_ai_ci;
/*!40101 SET character_set_client = @saved_cs_client */;

--
-- Dumping data for table `auth_permission`
--

LOCK TABLES `auth_permission` WRITE;
/*!40000 ALTER TABLE `auth_permission` DISABLE KEYS */;
INSERT INTO `auth_permission` VALUES (1,'Can add log entry',1,'add_logentry'),(2,'Can change log entry',1,'change_logentry'),(3,'Can delete log entry',1,'delete_logentry'),(4,'Can view log entry',1,'view_logentry'),(5,'Can add permission',2,'add_permission'),(6,'Can change permission',2,'change_permission'),(7,'Can delete permission',2,'delete_permission'),(8,'Can view permission',2,'view_permission'),(9,'Can add group',3,'add_group'),(10,'Can change group',3,'change_group'),(11,'Can delete group',3,'delete_group'),(12,'Can view group',3,'view_group'),(13,'Can add user',4,'add_user'),(14,'Can change user',4,'change_user'),(15,'Can delete user',4,'delete_user'),(16,'Can view user',4,'view_user'),(17,'Can add content type',5,'add_contenttype'),(18,'Can change content type',5,'change_contenttype'),(19,'Can delete content type',5,'delete_contenttype'),(20,'Can view content type',5,'view_contenttype'),(21,'Can add session',6,'add_session'),(22,'Can change session',6,'change_session'),(23,'Can delete session',6,'delete_session'),(24,'Can view session',6,'view_session'),(25,'Can add admin movie management',7,'add_adminmoviemanagement'),(26,'Can change admin movie management',7,'change_adminmoviemanagement'),(27,'Can delete admin movie management',7,'delete_adminmoviemanagement'),(28,'Can view admin movie management',7,'view_adminmoviemanagement'),(29,'Can add admins',8,'add_admins'),(30,'Can change admins',8,'change_admins'),(31,'Can delete admins',8,'delete_admins'),(32,'Can view admins',8,'view_admins'),(33,'Can add belongs to',9,'add_belongsto'),(34,'Can change belongs to',9,'change_belongsto'),(35,'Can delete belongs to',9,'delete_belongsto'),(36,'Can view belongs to',9,'view_belongsto'),(37,'Can add genres',10,'add_genres'),(38,'Can change genres',10,'change_genres'),(39,'Can delete genres',10,'delete_genres'),(40,'Can view genres',10,'view_genres'),(41,'Can add movies',11,'add_movies'),(42,'Can change movies',11,'change_movies'),(43,'Can delete movies',11,'delete_movies'),(44,'Can view movies',11,'view_movies'),(45,'Can add part of',12,'add_partof'),(46,'Can change part of',12,'change_partof'),(47,'Can delete part of',12,'delete_partof'),(48,'Can view part of',12,'view_partof'),(49,'Can add review moderation',13,'add_reviewmoderation'),(50,'Can change review moderation',13,'change_reviewmoderation'),(51,'Can delete review moderation',13,'delete_reviewmoderation'),(52,'Can view review moderation',13,'view_reviewmoderation'),(53,'Can add reviews',14,'add_reviews'),(54,'Can change reviews',14,'change_reviews'),(55,'Can delete reviews',14,'delete_reviews'),(56,'Can view reviews',14,'view_reviews'),(57,'Can add streaming platforms',15,'add_streamingplatforms'),(58,'Can change streaming platforms',15,'change_streamingplatforms'),(59,'Can delete streaming platforms',15,'delete_streamingplatforms'),(60,'Can view streaming platforms',15,'view_streamingplatforms'),(61,'Can add users',16,'add_users'),(62,'Can change users',16,'change_users'),(63,'Can delete users',16,'delete_users'),(64,'Can view users',16,'view_users'),(65,'Can add actors',17,'add_actors'),(66,'Can change actors',17,'change_actors'),(67,'Can delete actors',17,'delete_actors'),(68,'Can view actors',17,'view_actors'),(69,'Can add film crew',18,'add_filmcrew'),(70,'Can change film crew',18,'change_filmcrew'),(71,'Can delete film crew',18,'delete_filmcrew'),(72,'Can view film crew',18,'view_filmcrew'),(73,'Can add directors',19,'add_directors'),(74,'Can change directors',19,'change_directors'),(75,'Can delete directors',19,'delete_directors'),(76,'Can view directors',19,'view_directors');
/*!40000 ALTER TABLE `auth_permission` ENABLE KEYS */;
UNLOCK TABLES;

--
-- Table structure for table `auth_user`
--

DROP TABLE IF EXISTS `auth_user`;
/*!40101 SET @saved_cs_client     = @@character_set_client */;
/*!50503 SET character_set_client = utf8mb4 */;
CREATE TABLE `auth_user` (
  `id` int NOT NULL AUTO_INCREMENT,
  `password` varchar(128) NOT NULL,
  `last_login` datetime(6) DEFAULT NULL,
  `is_superuser` tinyint(1) NOT NULL,
  `username` varchar(150) NOT NULL,
  `first_name` varchar(150) NOT NULL,
  `last_name` varchar(150) NOT NULL,
  `email` varchar(254) NOT NULL,
  `is_staff` tinyint(1) NOT NULL,
  `is_active` tinyint(1) NOT NULL,
  `date_joined` datetime(6) NOT NULL,
  PRIMARY KEY (`id`),
  UNIQUE KEY `username` (`username`)
) ENGINE=InnoDB AUTO_INCREMENT=2 DEFAULT CHARSET=utf8mb4 COLLATE=utf8mb4_0900_ai_ci;
/*!40101 SET character_set_client = @saved_cs_client */;

--
-- Dumping data for table `auth_user`
--

LOCK TABLES `auth_user` WRITE;
/*!40000 ALTER TABLE `auth_user` DISABLE KEYS */;
INSERT INTO `auth_user` VALUES (1,'pbkdf2_sha256$1000000$50SDdLJPeZCvd28Dz5uv7e$tQTL+FbGNk3ctuNPnbMCZSdVaNRr38gS+W04FJNRzDs=','2025-04-16 02:01:46.945257',1,'hardik','','','hardik.mehta2@gmail.com',1,1,'2025-04-16 01:35:15.915129');
/*!40000 ALTER TABLE `auth_user` ENABLE KEYS */;
UNLOCK TABLES;

--
-- Table structure for table `auth_user_groups`
--

DROP TABLE IF EXISTS `auth_user_groups`;
/*!40101 SET @saved_cs_client     = @@character_set_client */;
/*!50503 SET character_set_client = utf8mb4 */;
CREATE TABLE `auth_user_groups` (
  `id` bigint NOT NULL AUTO_INCREMENT,
  `user_id` int NOT NULL,
  `group_id` int NOT NULL,
  PRIMARY KEY (`id`),
  UNIQUE KEY `auth_user_groups_user_id_group_id_94350c0c_uniq` (`user_id`,`group_id`),
  KEY `auth_user_groups_group_id_97559544_fk_auth_group_id` (`group_id`),
  CONSTRAINT `auth_user_groups_group_id_97559544_fk_auth_group_id` FOREIGN KEY (`group_id`) REFERENCES `auth_group` (`id`),
  CONSTRAINT `auth_user_groups_user_id_6a12ed8b_fk_auth_user_id` FOREIGN KEY (`user_id`) REFERENCES `auth_user` (`id`)
) ENGINE=InnoDB DEFAULT CHARSET=utf8mb4 COLLATE=utf8mb4_0900_ai_ci;
/*!40101 SET character_set_client = @saved_cs_client */;

--
-- Dumping data for table `auth_user_groups`
--

LOCK TABLES `auth_user_groups` WRITE;
/*!40000 ALTER TABLE `auth_user_groups` DISABLE KEYS */;
/*!40000 ALTER TABLE `auth_user_groups` ENABLE KEYS */;
UNLOCK TABLES;

--
-- Table structure for table `auth_user_user_permissions`
--

DROP TABLE IF EXISTS `auth_user_user_permissions`;
/*!40101 SET @saved_cs_client     = @@character_set_client */;
/*!50503 SET character_set_client = utf8mb4 */;
CREATE TABLE `auth_user_user_permissions` (
  `id` bigint NOT NULL AUTO_INCREMENT,
  `user_id` int NOT NULL,
  `permission_id` int NOT NULL,
  PRIMARY KEY (`id`),
  UNIQUE KEY `auth_user_user_permissions_user_id_permission_id_14a6b632_uniq` (`user_id`,`permission_id`),
  KEY `auth_user_user_permi_permission_id_1fbb5f2c_fk_auth_perm` (`permission_id`),
  CONSTRAINT `auth_user_user_permi_permission_id_1fbb5f2c_fk_auth_perm` FOREIGN KEY (`permission_id`) REFERENCES `auth_permission` (`id`),
  CONSTRAINT `auth_user_user_permissions_user_id_a95ead1b_fk_auth_user_id` FOREIGN KEY (`user_id`) REFERENCES `auth_user` (`id`)
) ENGINE=InnoDB DEFAULT CHARSET=utf8mb4 COLLATE=utf8mb4_0900_ai_ci;
/*!40101 SET character_set_client = @saved_cs_client */;

--
-- Dumping data for table `auth_user_user_permissions`
--

LOCK TABLES `auth_user_user_permissions` WRITE;
/*!40000 ALTER TABLE `auth_user_user_permissions` DISABLE KEYS */;
/*!40000 ALTER TABLE `auth_user_user_permissions` ENABLE KEYS */;
UNLOCK TABLES;

--
-- Table structure for table `BelongsTo`
--

DROP TABLE IF EXISTS `BelongsTo`;
/*!40101 SET @saved_cs_client     = @@character_set_client */;
/*!50503 SET character_set_client = utf8mb4 */;
CREATE TABLE `BelongsTo` (
  `id` int NOT NULL AUTO_INCREMENT,
  `MovieID` int NOT NULL,
  `GenreName` varchar(50) NOT NULL,
  PRIMARY KEY (`id`),
  UNIQUE KEY `unique_movie_genrename` (`MovieID`,`GenreName`),
  UNIQUE KEY `uq_belongsTo` (`MovieID`,`GenreName`),
  KEY `GenreName` (`GenreName`),
  CONSTRAINT `belongsto_ibfk_1` FOREIGN KEY (`MovieID`) REFERENCES `Movies` (`MovieID`) ON DELETE CASCADE ON UPDATE CASCADE,
  CONSTRAINT `belongsto_ibfk_2` FOREIGN KEY (`GenreName`) REFERENCES `Genres` (`GenreName`) ON DELETE CASCADE ON UPDATE CASCADE
) ENGINE=InnoDB AUTO_INCREMENT=1275 DEFAULT CHARSET=utf8mb4 COLLATE=utf8mb4_0900_ai_ci;
/*!40101 SET character_set_client = @saved_cs_client */;

--
-- Dumping data for table `BelongsTo`
--

LOCK TABLES `BelongsTo` WRITE;
/*!40000 ALTER TABLE `BelongsTo` DISABLE KEYS */;
INSERT INTO `BelongsTo` VALUES (1273,1,'Drama'),(7,2,'Drama'),(8,2,'Romance'),(10,3,'Biography'),(11,3,'Crime'),(9,3,'Mystery'),(12,4,'Crime'),(13,4,'Drama'),(14,5,'Sci-Fi'),(15,5,'War'),(16,6,'Crime'),(17,6,'Fantasy'),(18,7,'Fantasy'),(19,7,'Horror'),(21,8,'Action'),(22,8,'Documentary'),(20,8,'History'),(24,9,'Horror'),(23,9,'War'),(25,10,'Adventure'),(26,10,'Documentary'),(27,10,'Horror'),(28,11,'Biography'),(30,11,'Drama'),(29,11,'Horror'),(32,12,'Action'),(33,12,'Biography'),(31,12,'Romance'),(34,13,'Fantasy'),(36,13,'Sport'),(35,13,'Superhero'),(37,14,'Comedy'),(39,14,'Mystery'),(38,14,'Thriller'),(42,15,'Drama'),(41,15,'Thriller'),(40,15,'War'),(44,16,'Sport'),(43,16,'Superhero'),(45,17,'Musical'),(46,17,'Thriller'),(47,18,'Adventure'),(48,18,'Horror'),(50,19,'Adventure'),(49,19,'Thriller'),(52,20,'Adventure'),(51,20,'Documentary'),(53,20,'Superhero'),(56,21,'Action'),(55,21,'Biography'),(54,21,'Sport'),(58,22,'Action'),(57,22,'Crime'),(60,23,'Fantasy'),(59,23,'Sci-Fi'),(61,23,'Thriller'),(63,24,'Crime'),(62,24,'Musical'),(64,25,'Horror'),(65,25,'Sci-Fi'),(66,26,'Documentary'),(67,26,'War'),(69,27,'Mystery'),(68,27,'War'),(70,28,'Adventure'),(72,28,'Musical'),(71,28,'Mystery'),(73,29,'Fantasy'),(74,29,'War'),(78,31,'Documentary'),(77,31,'Horror'),(79,31,'Superhero'),(82,32,'Biography'),(80,32,'Documentary'),(81,32,'Horror'),(83,33,'Animation'),(84,33,'Documentary'),(85,33,'War'),(86,34,'Adventure'),(87,34,'Family'),(88,34,'Fantasy'),(91,35,'Animation'),(89,35,'Romance'),(90,35,'Sport'),(92,36,'Adventure'),(93,36,'Crime'),(96,37,'Action'),(94,37,'Sport'),(95,37,'War'),(98,38,'Fantasy'),(97,38,'Romance'),(99,38,'Superhero'),(102,39,'Action'),(101,39,'Fantasy'),(100,39,'War'),(105,40,'Crime'),(104,40,'Musical'),(103,40,'Romance'),(108,41,'Crime'),(106,41,'Sci-Fi'),(107,41,'Thriller'),(109,42,'Animation'),(110,42,'History'),(113,43,'History'),(111,43,'Romance'),(112,43,'War'),(116,44,'Crime'),(115,44,'Fantasy'),(114,44,'Mystery'),(118,45,'Documentary'),(117,45,'Sci-Fi'),(120,46,'Documentary'),(119,46,'Sci-Fi'),(121,47,'Horror'),(122,47,'Romance'),(123,47,'Thriller'),(124,48,'Family'),(125,48,'Sci-Fi'),(126,49,'Crime'),(128,49,'Family'),(127,49,'Romance'),(131,50,'Family'),(129,50,'Fantasy'),(130,50,'Mystery'),(134,51,'Adventure'),(132,51,'Comedy'),(133,51,'Thriller'),(136,52,'Animation'),(137,52,'Documentary'),(135,52,'Sport'),(140,53,'Horror'),(138,53,'Sport'),(139,53,'Superhero'),(142,54,'Adventure'),(141,54,'Drama'),(143,54,'Sport'),(145,55,'Crime'),(144,55,'Romance'),(146,55,'Sci-Fi'),(148,56,'Animation'),(147,56,'Comedy'),(149,56,'History'),(151,57,'Mystery'),(150,57,'Superhero'),(152,58,'Action'),(154,58,'History'),(153,58,'War'),(155,59,'Musical'),(156,59,'Mystery'),(157,60,'Musical'),(158,60,'Mystery'),(161,61,'Adventure'),(159,61,'Crime'),(160,61,'History'),(163,62,'Family'),(162,62,'History'),(165,63,'Adventure'),(166,63,'Romance'),(164,63,'Thriller'),(168,64,'Romance'),(167,64,'Sport'),(170,65,'Musical'),(169,65,'War'),(173,66,'Animation'),(172,66,'Sport'),(171,66,'War'),(175,67,'Horror'),(174,67,'War'),(178,68,'Biography'),(177,68,'Romance'),(176,68,'Superhero'),(179,69,'History'),(181,69,'Mystery'),(180,69,'Sport'),(182,70,'Comedy'),(184,70,'Fantasy'),(183,70,'Sport'),(186,71,'Biography'),(185,71,'Thriller'),(188,72,'Comedy'),(187,72,'War'),(191,73,'Adventure'),(190,73,'Sci-Fi'),(189,73,'Superhero'),(192,74,'Documentary'),(194,74,'Musical'),(193,74,'Sci-Fi'),(195,75,'Biography'),(196,75,'Documentary'),(197,75,'Drama'),(199,76,'Sci-Fi'),(198,76,'Sport'),(200,76,'War'),(203,77,'Biography'),(202,77,'Fantasy'),(201,77,'History'),(204,78,'Action'),(205,78,'Horror'),(207,79,'Animation'),(206,79,'Horror'),(209,80,'Comedy'),(208,80,'Mystery'),(210,80,'Thriller'),(213,81,'Biography'),(211,81,'Drama'),(212,81,'Horror'),(216,82,'Action'),(214,82,'Comedy'),(215,82,'Sport'),(218,83,'Action'),(217,83,'Mystery'),(219,83,'Sci-Fi'),(220,84,'Adventure'),(221,84,'Romance'),(222,85,'History'),(223,85,'Sport'),(224,86,'Crime'),(225,86,'Documentary'),(226,87,'Biography'),(227,87,'Comedy'),(228,87,'Mystery'),(229,88,'Crime'),(230,88,'Documentary'),(232,89,'Action'),(231,89,'Sport'),(233,90,'Mystery'),(234,90,'Romance'),(236,91,'Family'),(237,91,'Romance'),(235,91,'Superhero'),(238,92,'Biography'),(239,92,'Comedy'),(240,92,'History'),(242,93,'Adventure'),(241,93,'Crime'),(243,94,'Fantasy'),(244,94,'Musical'),(247,95,'Biography'),(246,95,'Drama'),(245,95,'Family'),(250,96,'Documentary'),(248,96,'Drama'),(249,96,'Superhero'),(251,97,'Sport'),(252,97,'Superhero'),(254,98,'Documentary'),(253,98,'Drama'),(255,98,'History'),(258,99,'Action'),(256,99,'Adventure'),(257,99,'Romance'),(259,100,'Biography'),(261,100,'Comedy'),(260,100,'Horror'),(262,101,'Comedy'),(264,101,'Sci-Fi'),(263,101,'War'),(266,102,'Documentary'),(265,102,'Musical'),(268,103,'Crime'),(267,103,'Family'),(271,104,'Romance'),(270,104,'Sport'),(269,104,'Thriller'),(272,105,'Drama'),(273,105,'Musical'),(274,106,'Action'),(275,106,'Documentary'),(276,106,'Sport'),(277,107,'Sci-Fi'),(278,107,'War'),(279,108,'Musical'),(280,108,'Superhero'),(281,109,'Documentary'),(282,109,'Romance'),(283,109,'Sport'),(286,110,'Animation'),(285,110,'Drama'),(284,110,'Sport'),(288,111,'Thriller'),(287,111,'War'),(290,112,'Documentary'),(289,112,'History'),(291,113,'Animation'),(292,113,'Thriller'),(293,114,'Horror'),(294,114,'Sci-Fi'),(295,115,'Superhero'),(296,115,'War'),(297,116,'Superhero'),(298,116,'War'),(299,117,'Family'),(300,117,'Sci-Fi'),(301,117,'Superhero'),(302,118,'Fantasy'),(304,118,'History'),(303,118,'Mystery'),(306,119,'Biography'),(305,119,'Fantasy'),(307,119,'Horror'),(308,120,'Biography'),(309,120,'Family'),(310,120,'Musical'),(311,121,'Drama'),(312,121,'Fantasy'),(313,121,'Sci-Fi'),(315,122,'Drama'),(314,122,'Fantasy'),(316,122,'Thriller'),(317,123,'Biography'),(318,123,'Superhero'),(320,124,'Biography'),(319,124,'Romance'),(323,125,'Crime'),(322,125,'Romance'),(321,125,'Thriller'),(325,126,'Drama'),(324,126,'Musical'),(328,127,'Animation'),(327,127,'Superhero'),(326,127,'War'),(329,128,'Crime'),(330,128,'Documentary'),(331,128,'History'),(334,129,'Drama'),(332,129,'Romance'),(333,129,'Thriller'),(337,130,'Comedy'),(335,130,'Horror'),(336,130,'Sport'),(338,131,'Fantasy'),(339,131,'Thriller'),(340,131,'War'),(343,132,'Biography'),(341,132,'Comedy'),(342,132,'Musical'),(344,133,'Comedy'),(345,133,'Documentary'),(346,134,'Action'),(348,134,'Musical'),(347,134,'Superhero'),(349,135,'Drama'),(350,135,'Horror'),(351,135,'Mystery'),(354,136,'Biography'),(353,136,'Horror'),(352,136,'Thriller'),(356,137,'Crime'),(355,137,'Documentary'),(357,137,'History'),(358,138,'Musical'),(359,138,'Sport'),(361,139,'Fantasy'),(362,139,'Musical'),(360,139,'War'),(364,140,'Drama'),(365,140,'Romance'),(363,140,'Sci-Fi'),(367,141,'History'),(366,141,'Romance'),(369,142,'Action'),(368,142,'Family'),(370,142,'History'),(371,143,'Documentary'),(372,143,'Drama'),(373,144,'Comedy'),(374,144,'Romance'),(376,145,'Drama'),(375,145,'Mystery'),(377,146,'Action'),(379,146,'Animation'),(378,146,'Family'),(380,147,'Animation'),(382,147,'Fantasy'),(381,147,'War'),(384,148,'Comedy'),(383,148,'Crime'),(385,148,'Fantasy'),(386,149,'History'),(387,149,'Superhero'),(388,150,'Animation'),(389,150,'Comedy'),(390,150,'Documentary'),(392,151,'Drama'),(391,151,'Mystery'),(393,152,'Adventure'),(394,152,'Romance'),(395,152,'Sport'),(397,153,'Drama'),(396,153,'Family'),(398,153,'Sport'),(400,154,'Action'),(399,154,'Documentary'),(401,155,'Adventure'),(402,155,'Mystery'),(404,156,'Biography'),(403,156,'Romance'),(405,157,'History'),(406,157,'Horror'),(407,157,'Sci-Fi'),(410,158,'Crime'),(409,158,'Family'),(408,158,'Musical'),(412,159,'Animation'),(411,159,'Sci-Fi'),(415,160,'Adventure'),(413,160,'Comedy'),(414,160,'Drama'),(416,161,'Biography'),(417,161,'Mystery'),(418,162,'Drama'),(419,162,'Horror'),(422,163,'Adventure'),(420,163,'Horror'),(421,163,'Mystery'),(424,164,'Action'),(423,164,'Comedy'),(426,165,'Biography'),(425,165,'Fantasy'),(427,165,'Sport'),(429,166,'Fantasy'),(428,166,'Horror'),(430,167,'Sci-Fi'),(431,167,'Superhero'),(432,168,'Action'),(433,168,'Fantasy'),(435,169,'Action'),(434,169,'Drama'),(436,169,'Family'),(438,170,'Documentary'),(439,170,'Sci-Fi'),(437,170,'Sport'),(441,171,'Adventure'),(440,171,'Horror'),(443,172,'Comedy'),(442,172,'Romance'),(444,173,'Family'),(445,173,'Sci-Fi'),(448,174,'Animation'),(446,174,'Biography'),(447,174,'History'),(449,175,'Biography'),(450,175,'Sci-Fi'),(453,176,'Action'),(451,176,'Documentary'),(452,176,'Musical'),(456,177,'Family'),(454,177,'Fantasy'),(455,177,'Mystery'),(459,178,'Animation'),(458,178,'Musical'),(457,178,'War'),(460,179,'Mystery'),(461,179,'Thriller'),(462,179,'War'),(464,180,'Fantasy'),(463,180,'Mystery'),(465,180,'Thriller'),(467,181,'Fantasy'),(466,181,'Horror'),(469,182,'Comedy'),(468,182,'History'),(470,183,'Adventure'),(472,183,'Drama'),(471,183,'Musical'),(474,184,'Fantasy'),(473,184,'Mystery'),(475,185,'Action'),(476,185,'Comedy'),(477,185,'Sport'),(479,186,'Action'),(480,186,'Comedy'),(478,186,'Superhero'),(482,187,'Action'),(481,187,'Sci-Fi'),(483,187,'Sport'),(484,188,'Comedy'),(485,188,'Family'),(487,189,'Biography'),(486,189,'Mystery'),(489,190,'Adventure'),(490,190,'Romance'),(488,190,'War'),(491,191,'Animation'),(492,191,'Superhero'),(493,191,'Thriller'),(495,192,'Superhero'),(494,192,'Thriller'),(496,193,'History'),(497,193,'War'),(499,194,'Musical'),(498,194,'Sci-Fi'),(501,195,'Action'),(502,195,'Thriller'),(500,195,'War'),(503,196,'Fantasy'),(504,196,'History'),(507,197,'Biography'),(506,197,'Mystery'),(505,197,'Sci-Fi'),(509,198,'Adventure'),(508,198,'Sport'),(510,199,'Romance'),(511,199,'Superhero'),(514,200,'Superhero'),(512,200,'Thriller'),(513,200,'War'),(516,201,'Adventure'),(515,201,'Horror'),(517,202,'Animation'),(518,202,'Biography'),(519,203,'Biography'),(520,203,'Romance'),(522,204,'Family'),(521,204,'Sport'),(523,204,'Thriller'),(525,205,'Crime'),(524,205,'Family'),(528,206,'Drama'),(526,206,'Sci-Fi'),(527,206,'War'),(531,207,'Adventure'),(529,207,'Mystery'),(530,207,'Sci-Fi'),(532,208,'Drama'),(533,208,'Superhero'),(535,209,'Action'),(534,209,'Adventure'),(536,210,'Family'),(537,210,'Sci-Fi'),(538,211,'Action'),(539,211,'Biography'),(540,212,'Biography'),(541,212,'Sport'),(544,213,'Animation'),(543,213,'Mystery'),(542,213,'Superhero'),(547,214,'Crime'),(546,214,'Drama'),(545,214,'Mystery'),(550,215,'Action'),(548,215,'Mystery'),(549,215,'Sport'),(552,216,'Family'),(551,216,'War'),(553,217,'Superhero'),(554,217,'Thriller'),(556,218,'Comedy'),(555,218,'Thriller'),(557,219,'Fantasy'),(558,219,'War'),(559,220,'Adventure'),(561,220,'Drama'),(560,220,'Romance'),(562,221,'Musical'),(563,221,'Thriller'),(565,222,'Crime'),(564,222,'Musical'),(566,222,'War'),(567,223,'Adventure'),(568,223,'Mystery'),(569,224,'Sport'),(571,224,'Thriller'),(570,224,'War'),(574,225,'Biography'),(573,225,'Mystery'),(572,225,'Sci-Fi'),(577,226,'Comedy'),(576,226,'Sci-Fi'),(575,226,'War'),(579,227,'Musical'),(578,227,'Sci-Fi'),(580,228,'Biography'),(581,228,'Drama'),(584,229,'Action'),(583,229,'Musical'),(582,229,'Thriller'),(587,230,'Animation'),(585,230,'Horror'),(586,230,'Romance'),(588,231,'Fantasy'),(590,231,'Mystery'),(589,231,'Sci-Fi'),(591,232,'Documentary'),(592,232,'War'),(593,233,'Documentary'),(594,233,'Thriller'),(595,234,'Action'),(597,234,'Drama'),(596,234,'Musical'),(598,235,'Biography'),(600,235,'Sci-Fi'),(599,235,'Superhero'),(601,236,'Adventure'),(602,236,'Musical'),(605,237,'Adventure'),(603,237,'Musical'),(604,237,'Superhero'),(606,238,'Mystery'),(607,238,'Sport'),(609,239,'Adventure'),(608,239,'Crime'),(611,240,'Action'),(610,240,'Fantasy'),(613,241,'Musical'),(612,241,'Thriller'),(614,242,'Biography'),(615,242,'War'),(617,243,'Horror'),(616,243,'Mystery'),(619,244,'Animation'),(618,244,'Comedy'),(620,245,'Drama'),(621,245,'Mystery'),(622,245,'Sport'),(623,246,'Comedy'),(624,246,'Crime'),(625,246,'Fantasy'),(626,247,'Family'),(627,247,'Musical'),(629,248,'History'),(630,248,'Sport'),(628,248,'Superhero'),(633,249,'Fantasy'),(632,249,'Mystery'),(631,249,'Sci-Fi'),(634,250,'Drama'),(635,250,'Family'),(638,251,'Action'),(636,251,'Comedy'),(637,251,'Family'),(640,252,'Action'),(639,252,'Comedy'),(641,253,'Comedy'),(642,253,'History'),(643,253,'Sci-Fi'),(645,254,'Action'),(644,254,'Sport'),(648,255,'Biography'),(646,255,'Family'),(647,255,'Thriller'),(649,256,'Biography'),(650,256,'Drama'),(651,256,'Fantasy'),(653,257,'History'),(652,257,'Thriller'),(654,258,'Crime'),(655,258,'Documentary'),(656,259,'Documentary'),(657,259,'Drama'),(659,260,'Musical'),(658,260,'Mystery'),(661,261,'Adventure'),(660,261,'Fantasy'),(662,261,'War'),(664,262,'History'),(663,262,'Sport'),(666,263,'Action'),(665,263,'Mystery'),(667,264,'Animation'),(668,264,'Crime'),(670,265,'Comedy'),(669,265,'Romance'),(673,266,'Fantasy'),(672,266,'Sci-Fi'),(671,266,'War'),(676,267,'Horror'),(675,267,'Sci-Fi'),(674,267,'War'),(679,268,'Superhero'),(677,268,'Thriller'),(678,268,'War'),(680,269,'Animation'),(681,269,'Superhero'),(683,270,'Musical'),(682,270,'Mystery'),(686,271,'Family'),(685,271,'Musical'),(684,271,'Thriller'),(687,272,'Comedy'),(688,272,'History'),(690,273,'Musical'),(689,273,'Romance'),(692,274,'Drama'),(691,274,'Family'),(693,274,'Thriller'),(694,275,'Adventure'),(695,275,'Horror'),(696,276,'Adventure'),(697,276,'Documentary'),(698,277,'Action'),(700,277,'Biography'),(699,277,'Family'),(701,278,'Action'),(702,278,'Crime'),(703,278,'Mystery'),(704,279,'Drama'),(705,279,'Family'),(706,280,'Sci-Fi'),(707,280,'Sport'),(708,280,'Thriller'),(709,281,'Animation'),(710,281,'Drama'),(712,282,'Fantasy'),(711,282,'Musical'),(715,283,'Horror'),(713,283,'Sport'),(714,283,'Superhero'),(716,284,'Adventure'),(717,284,'Horror'),(719,285,'Documentary'),(718,285,'Fantasy'),(720,286,'Adventure'),(721,286,'Thriller'),(722,287,'Documentary'),(723,287,'Family'),(724,287,'History'),(725,288,'History'),(726,288,'Thriller'),(727,289,'Documentary'),(728,289,'Drama'),(729,290,'Crime'),(730,290,'Drama'),(732,291,'Crime'),(731,291,'Superhero'),(733,292,'Romance'),(734,292,'Superhero'),(737,293,'Animation'),(735,293,'Comedy'),(736,293,'Horror'),(739,294,'Adventure'),(740,294,'Biography'),(738,294,'History'),(742,295,'Documentary'),(741,295,'Family'),(745,296,'Fantasy'),(744,296,'Romance'),(743,296,'Superhero'),(748,297,'Fantasy'),(746,297,'Musical'),(747,297,'Sport'),(749,298,'Comedy'),(750,298,'Documentary'),(752,299,'Adventure'),(751,299,'Comedy'),(754,300,'Adventure'),(753,300,'Crime'),(756,301,'Biography'),(755,301,'Fantasy'),(757,301,'Thriller'),(760,302,'Animation'),(759,302,'Musical'),(758,302,'Thriller'),(761,303,'Drama'),(762,303,'Fantasy'),(763,304,'Sport'),(764,304,'Thriller'),(766,305,'Crime'),(765,305,'Romance'),(767,306,'Action'),(769,306,'Romance'),(768,306,'Sport'),(772,307,'Horror'),(770,307,'Mystery'),(771,307,'Sci-Fi'),(773,308,'Romance'),(774,308,'War'),(776,309,'Biography'),(775,309,'Sport'),(777,309,'Thriller'),(779,310,'Fantasy'),(778,310,'Romance'),(781,311,'Animation'),(782,311,'Horror'),(780,311,'Romance'),(784,312,'Horror'),(785,312,'Superhero'),(783,312,'Thriller'),(786,313,'Action'),(787,313,'Sci-Fi'),(789,314,'Documentary'),(790,314,'History'),(788,314,'Romance'),(791,315,'Action'),(792,315,'Drama'),(793,315,'War'),(794,316,'Comedy'),(795,316,'Documentary'),(796,317,'Biography'),(797,317,'Horror'),(799,318,'Adventure'),(798,318,'Drama'),(801,319,'Fantasy'),(800,319,'Thriller'),(803,320,'Animation'),(802,320,'War'),(805,321,'Animation'),(804,321,'Mystery'),(807,322,'Adventure'),(806,322,'Biography'),(808,323,'Comedy'),(809,323,'Crime'),(810,323,'Musical'),(811,324,'Fantasy'),(812,324,'Mystery'),(813,325,'Drama'),(814,325,'Mystery'),(815,325,'Thriller'),(817,326,'Action'),(816,326,'Fantasy'),(819,327,'Action'),(818,327,'Drama'),(820,327,'Superhero'),(821,328,'Drama'),(823,328,'Horror'),(822,328,'Mystery'),(825,329,'Animation'),(826,329,'Horror'),(824,329,'Sci-Fi'),(828,330,'Animation'),(827,330,'Drama'),(830,331,'Adventure'),(829,331,'Mystery'),(832,332,'Action'),(833,332,'Biography'),(831,332,'Drama'),(835,333,'Fantasy'),(834,333,'Sci-Fi'),(837,334,'Animation'),(838,334,'Documentary'),(836,334,'War'),(840,335,'Action'),(841,335,'Thriller'),(839,335,'War'),(844,336,'Animation'),(842,336,'Sport'),(843,336,'War'),(845,337,'Action'),(846,337,'Horror'),(848,338,'Drama'),(847,338,'History'),(849,339,'Biography'),(851,339,'Family'),(850,339,'Romance'),(853,340,'Adventure'),(852,340,'Sci-Fi'),(854,341,'Adventure'),(855,341,'Family'),(856,342,'Fantasy'),(857,342,'Sci-Fi'),(860,343,'Comedy'),(859,343,'History'),(858,343,'Superhero'),(861,344,'Animation'),(863,344,'Biography'),(862,344,'Crime'),(865,345,'Mystery'),(864,345,'Superhero'),(867,346,'Crime'),(866,346,'Fantasy'),(868,347,'History'),(869,347,'Sci-Fi'),(870,348,'Documentary'),(872,348,'Family'),(871,348,'Sci-Fi'),(874,349,'Comedy'),(875,349,'Crime'),(873,349,'Thriller'),(876,350,'History'),(878,350,'Horror'),(877,350,'Mystery'),(880,351,'Action'),(879,351,'History'),(881,352,'Documentary'),(882,352,'Romance'),(884,353,'Comedy'),(883,353,'Musical'),(885,353,'War'),(886,354,'Adventure'),(887,354,'Romance'),(888,355,'Horror'),(889,355,'Musical'),(891,356,'Family'),(890,356,'History'),(893,357,'Action'),(892,357,'Crime'),(895,358,'Horror'),(894,358,'Sci-Fi'),(897,359,'Animation'),(896,359,'Documentary'),(899,360,'Action'),(898,360,'Documentary'),(902,361,'Adventure'),(901,361,'Superhero'),(900,361,'War'),(903,362,'Mystery'),(905,362,'Sport'),(904,362,'Thriller'),(907,363,'Family'),(906,363,'Mystery'),(909,364,'Adventure'),(908,364,'Romance'),(910,364,'Sport'),(913,365,'Mystery'),(912,365,'Sci-Fi'),(911,365,'Superhero'),(915,366,'Animation'),(914,366,'Drama'),(918,367,'Animation'),(917,367,'Drama'),(916,367,'Romance'),(919,368,'Action'),(920,368,'Biography'),(921,368,'Documentary'),(922,369,'Documentary'),(923,369,'Musical'),(926,370,'Adventure'),(925,370,'Crime'),(924,370,'Musical'),(927,371,'Animation'),(929,371,'Biography'),(928,371,'Romance'),(931,372,'Crime'),(930,372,'Fantasy'),(932,372,'Musical'),(934,373,'Fantasy'),(933,373,'Sport'),(935,373,'War'),(937,374,'Animation'),(938,374,'Biography'),(936,374,'Thriller'),(940,375,'Crime'),(939,375,'Family'),(942,376,'Action'),(941,376,'History'),(943,377,'Fantasy'),(944,377,'Sport'),(945,377,'War'),(948,378,'Biography'),(947,378,'Drama'),(946,378,'Family'),(949,379,'Family'),(951,379,'Musical'),(950,379,'Mystery'),(952,380,'Action'),(953,380,'Family'),(954,381,'Action'),(955,381,'Sport'),(957,382,'Action'),(956,382,'Romance'),(958,382,'Sport'),(959,383,'Drama'),(960,383,'Sci-Fi'),(962,384,'Biography'),(961,384,'Fantasy'),(964,385,'Action'),(963,385,'Comedy'),(965,385,'Fantasy'),(966,386,'Biography'),(968,386,'Drama'),(967,386,'Sci-Fi'),(970,387,'Action'),(969,387,'Comedy'),(972,388,'Fantasy'),(973,388,'History'),(971,388,'Sport'),(974,389,'Fantasy'),(975,389,'Thriller'),(978,390,'Comedy'),(976,390,'Crime'),(977,390,'Documentary'),(981,391,'Fantasy'),(980,391,'History'),(979,391,'Romance'),(982,392,'Fantasy'),(983,392,'Musical'),(984,392,'War'),(986,393,'History'),(987,393,'Musical'),(985,393,'Sci-Fi'),(990,394,'Fantasy'),(989,394,'Mystery'),(988,394,'Sport'),(992,395,'Action'),(991,395,'Comedy'),(993,395,'Crime'),(994,396,'Comedy'),(995,396,'History'),(997,397,'Drama'),(996,397,'War'),(999,398,'Action'),(1000,398,'Biography'),(998,398,'Mystery'),(1001,399,'Animation'),(1002,399,'Sport'),(1003,399,'Superhero'),(1004,400,'Musical'),(1005,400,'Sport'),(1006,401,'Animation'),(1007,401,'Sport'),(1009,402,'Musical'),(1008,402,'Superhero'),(1011,403,'Sport'),(1010,403,'War'),(1012,404,'Family'),(1013,404,'Mystery'),(1014,405,'Adventure'),(1016,405,'Crime'),(1015,405,'Musical'),(1018,406,'Comedy'),(1017,406,'Superhero'),(1019,407,'Crime'),(1021,407,'Fantasy'),(1020,407,'History'),(1022,408,'Animation'),(1024,408,'Drama'),(1023,408,'Romance'),(1026,409,'Family'),(1025,409,'Romance'),(1028,410,'Drama'),(1027,410,'History'),(1029,410,'War'),(1030,411,'Crime'),(1031,411,'War'),(1032,412,'History'),(1033,412,'Horror'),(1034,413,'Horror'),(1035,413,'Sci-Fi'),(1037,414,'Crime'),(1036,414,'History'),(1038,414,'Sport'),(1039,415,'Comedy'),(1040,415,'War'),(1042,416,'Animation'),(1041,416,'Superhero'),(1043,417,'Comedy'),(1044,417,'Sport'),(1045,418,'Drama'),(1046,418,'Musical'),(1047,419,'Drama'),(1048,419,'Romance'),(1049,419,'Thriller'),(1051,420,'Action'),(1052,420,'Biography'),(1050,420,'War'),(1054,421,'Documentary'),(1053,421,'Sport'),(1055,422,'Animation'),(1056,422,'Musical'),(1057,422,'Mystery'),(1059,423,'Fantasy'),(1058,423,'Musical'),(1061,424,'Biography'),(1060,424,'Sport'),(1062,425,'Drama'),(1063,425,'Sci-Fi'),(1065,426,'Family'),(1064,426,'History'),(1067,427,'Adventure'),(1066,427,'Romance'),(1068,427,'Sport'),(1070,428,'Drama'),(1069,428,'Sci-Fi'),(1073,429,'Animation'),(1072,429,'Musical'),(1071,429,'Superhero'),(1075,430,'Biography'),(1074,430,'Sci-Fi'),(1076,431,'History'),(1078,431,'Mystery'),(1077,431,'Sci-Fi'),(1080,432,'Comedy'),(1079,432,'Drama'),(1081,432,'History'),(1083,433,'Documentary'),(1082,433,'Sport'),(1085,434,'Adventure'),(1084,434,'Mystery'),(1087,435,'Comedy'),(1086,435,'Musical'),(1089,436,'Mystery'),(1088,436,'Romance'),(1090,437,'Musical'),(1091,437,'War'),(1094,438,'Adventure'),(1092,438,'Animation'),(1093,438,'Horror'),(1096,439,'Drama'),(1095,439,'War'),(1098,440,'Adventure'),(1097,440,'Horror'),(1099,441,'Family'),(1100,441,'War'),(1101,442,'Adventure'),(1102,442,'Family'),(1103,443,'Fantasy'),(1104,443,'History'),(1105,443,'Sci-Fi'),(1106,444,'Drama'),(1107,444,'History'),(1108,445,'Drama'),(1110,445,'Fantasy'),(1109,445,'Horror'),(1112,446,'Documentary'),(1111,446,'Romance'),(1115,447,'Family'),(1114,447,'History'),(1113,447,'War'),(1116,448,'Family'),(1117,448,'Thriller'),(1119,449,'Animation'),(1120,449,'Family'),(1118,449,'Romance'),(1121,450,'Adventure'),(1123,450,'Fantasy'),(1122,450,'Sport'),(1125,451,'Horror'),(1124,451,'Sport'),(1126,452,'Documentary'),(1127,452,'War'),(1128,453,'Adventure'),(1130,453,'Horror'),(1129,453,'Mystery'),(1131,454,'Mystery'),(1132,454,'Romance'),(1133,455,'Adventure'),(1134,455,'Documentary'),(1136,456,'Action'),(1135,456,'Comedy'),(1137,457,'History'),(1138,457,'Musical'),(1140,458,'Documentary'),(1139,458,'History'),(1141,458,'Thriller'),(1143,459,'Fantasy'),(1142,459,'Thriller'),(1144,460,'History'),(1145,460,'Sport'),(1146,461,'Horror'),(1147,461,'Musical'),(1148,461,'Mystery'),(1149,462,'Thriller'),(1150,462,'War'),(1153,463,'Documentary'),(1151,463,'History'),(1152,463,'Superhero'),(1154,464,'Fantasy'),(1155,464,'Thriller'),(1156,465,'Action'),(1157,465,'Superhero'),(1158,466,'Adventure'),(1159,466,'Fantasy'),(1160,467,'Comedy'),(1161,467,'Fantasy'),(1162,468,'Drama'),(1164,468,'Horror'),(1163,468,'Mystery'),(1165,469,'Family'),(1166,469,'Musical'),(1168,470,'Family'),(1167,470,'History'),(1171,471,'Documentary'),(1170,471,'Drama'),(1169,471,'History'),(1172,472,'Biography'),(1174,472,'Crime'),(1173,472,'Mystery'),(1177,473,'Action'),(1175,473,'Crime'),(1176,473,'Sci-Fi'),(1178,474,'Animation'),(1180,474,'Drama'),(1179,474,'Horror'),(1181,475,'Adventure'),(1183,475,'Documentary'),(1182,475,'History'),(1184,476,'Sport'),(1185,476,'War'),(1187,477,'Animation'),(1188,477,'Drama'),(1186,477,'Mystery'),(1190,478,'Biography'),(1189,478,'War'),(1191,479,'Adventure'),(1192,479,'Animation'),(1193,480,'Romance'),(1194,480,'Sport'),(1195,481,'Drama'),(1196,481,'Musical'),(1198,482,'Biography'),(1197,482,'Crime'),(1199,482,'Superhero'),(1201,483,'History'),(1200,483,'Superhero'),(1204,484,'Family'),(1202,484,'Mystery'),(1203,484,'War'),(1206,485,'Documentary'),(1205,485,'Romance'),(1207,485,'Sport'),(1208,486,'Biography'),(1209,486,'Family'),(1210,486,'Superhero'),(1212,487,'Adventure'),(1211,487,'Drama'),(1213,488,'Documentary'),(1214,488,'Superhero'),(1217,489,'Documentary'),(1216,489,'Family'),(1215,489,'Sci-Fi'),(1220,490,'Animation'),(1219,490,'Mystery'),(1218,490,'Sport'),(1221,491,'Horror'),(1223,491,'Superhero'),(1222,491,'War'),(1224,492,'Animation'),(1225,492,'Sci-Fi'),(1226,492,'War'),(1228,493,'Crime'),(1227,493,'History'),(1229,494,'Animation'),(1231,494,'Crime'),(1230,494,'Sci-Fi'),(1234,495,'Animation'),(1232,495,'Mystery'),(1233,495,'Romance'),(1237,496,'Family'),(1235,496,'Fantasy'),(1236,496,'Sport'),(1238,497,'Romance'),(1239,497,'Superhero'),(1242,498,'Family'),(1241,498,'Horror'),(1240,498,'Sport'),(1244,499,'Crime'),(1243,499,'Drama'),(1245,500,'Comedy'),(1246,500,'Mystery'),(1248,501,'Action'),(1247,501,'Adventure'),(1249,502,'Adventure'),(1250,502,'Sci-Fi'),(1251,503,'Comedy'),(1252,503,'Horror'),(1253,504,'Horror'),(1,123456,'Drama'),(2,234567,'Comedy'),(3,345678,'Horror'),(4,456789,'Horror'),(1254,456790,'Comedy'),(1272,456791,'Action'),(1271,456792,'Drama'),(1274,456793,'Action');
/*!40000 ALTER TABLE `BelongsTo` ENABLE KEYS */;
UNLOCK TABLES;

--
-- Table structure for table `Directors`
--

DROP TABLE IF EXISTS `Directors`;
/*!40101 SET @saved_cs_client     = @@character_set_client */;
/*!50503 SET character_set_client = utf8mb4 */;
CREATE TABLE `Directors` (
  `CrewID` int NOT NULL,
  PRIMARY KEY (`CrewID`),
  CONSTRAINT `directors_ibfk_1` FOREIGN KEY (`CrewID`) REFERENCES `FilmCrew` (`CrewID`) ON DELETE CASCADE ON UPDATE CASCADE
) ENGINE=InnoDB DEFAULT CHARSET=utf8mb4 COLLATE=utf8mb4_0900_ai_ci;
/*!40101 SET character_set_client = @saved_cs_client */;

--
-- Dumping data for table `Directors`
--

LOCK TABLES `Directors` WRITE;
/*!40000 ALTER TABLE `Directors` DISABLE KEYS */;
INSERT INTO `Directors` VALUES (101),(102),(103),(104),(105),(106),(107),(108),(109),(110),(111),(112),(113),(114),(115),(116),(117),(118),(119),(120),(121),(122),(123),(124),(125),(126),(127),(128),(129),(130),(131),(132),(133),(134),(135),(136),(137),(138),(139),(140),(141),(142),(143),(144),(145),(146),(147),(148),(149),(150),(151);
/*!40000 ALTER TABLE `Directors` ENABLE KEYS */;
UNLOCK TABLES;

--
-- Table structure for table `django_admin_log`
--

DROP TABLE IF EXISTS `django_admin_log`;
/*!40101 SET @saved_cs_client     = @@character_set_client */;
/*!50503 SET character_set_client = utf8mb4 */;
CREATE TABLE `django_admin_log` (
  `id` int NOT NULL AUTO_INCREMENT,
  `action_time` datetime(6) NOT NULL,
  `object_id` longtext,
  `object_repr` varchar(200) NOT NULL,
  `action_flag` smallint unsigned NOT NULL,
  `change_message` longtext NOT NULL,
  `content_type_id` int DEFAULT NULL,
  `user_id` int NOT NULL,
  PRIMARY KEY (`id`),
  KEY `django_admin_log_content_type_id_c4bce8eb_fk_django_co` (`content_type_id`),
  KEY `django_admin_log_user_id_c564eba6_fk_auth_user_id` (`user_id`),
  CONSTRAINT `django_admin_log_content_type_id_c4bce8eb_fk_django_co` FOREIGN KEY (`content_type_id`) REFERENCES `django_content_type` (`id`),
  CONSTRAINT `django_admin_log_user_id_c564eba6_fk_auth_user_id` FOREIGN KEY (`user_id`) REFERENCES `auth_user` (`id`),
  CONSTRAINT `django_admin_log_chk_1` CHECK ((`action_flag` >= 0))
) ENGINE=InnoDB DEFAULT CHARSET=utf8mb4 COLLATE=utf8mb4_0900_ai_ci;
/*!40101 SET character_set_client = @saved_cs_client */;

--
-- Dumping data for table `django_admin_log`
--

LOCK TABLES `django_admin_log` WRITE;
/*!40000 ALTER TABLE `django_admin_log` DISABLE KEYS */;
/*!40000 ALTER TABLE `django_admin_log` ENABLE KEYS */;
UNLOCK TABLES;

--
-- Table structure for table `django_content_type`
--

DROP TABLE IF EXISTS `django_content_type`;
/*!40101 SET @saved_cs_client     = @@character_set_client */;
/*!50503 SET character_set_client = utf8mb4 */;
CREATE TABLE `django_content_type` (
  `id` int NOT NULL AUTO_INCREMENT,
  `app_label` varchar(100) NOT NULL,
  `model` varchar(100) NOT NULL,
  PRIMARY KEY (`id`),
  UNIQUE KEY `django_content_type_app_label_model_76bd3d3b_uniq` (`app_label`,`model`)
) ENGINE=InnoDB AUTO_INCREMENT=20 DEFAULT CHARSET=utf8mb4 COLLATE=utf8mb4_0900_ai_ci;
/*!40101 SET character_set_client = @saved_cs_client */;

--
-- Dumping data for table `django_content_type`
--

LOCK TABLES `django_content_type` WRITE;
/*!40000 ALTER TABLE `django_content_type` DISABLE KEYS */;
INSERT INTO `django_content_type` VALUES (1,'admin','logentry'),(3,'auth','group'),(2,'auth','permission'),(4,'auth','user'),(17,'cinegatorapp','actors'),(7,'cinegatorapp','adminmoviemanagement'),(8,'cinegatorapp','admins'),(9,'cinegatorapp','belongsto'),(19,'cinegatorapp','directors'),(18,'cinegatorapp','filmcrew'),(10,'cinegatorapp','genres'),(11,'cinegatorapp','movies'),(12,'cinegatorapp','partof'),(13,'cinegatorapp','reviewmoderation'),(14,'cinegatorapp','reviews'),(15,'cinegatorapp','streamingplatforms'),(16,'cinegatorapp','users'),(5,'contenttypes','contenttype'),(6,'sessions','session');
/*!40000 ALTER TABLE `django_content_type` ENABLE KEYS */;
UNLOCK TABLES;

--
-- Table structure for table `django_migrations`
--

DROP TABLE IF EXISTS `django_migrations`;
/*!40101 SET @saved_cs_client     = @@character_set_client */;
/*!50503 SET character_set_client = utf8mb4 */;
CREATE TABLE `django_migrations` (
  `id` bigint NOT NULL AUTO_INCREMENT,
  `app` varchar(255) NOT NULL,
  `name` varchar(255) NOT NULL,
  `applied` datetime(6) NOT NULL,
  PRIMARY KEY (`id`)
) ENGINE=InnoDB AUTO_INCREMENT=20 DEFAULT CHARSET=utf8mb4 COLLATE=utf8mb4_0900_ai_ci;
/*!40101 SET character_set_client = @saved_cs_client */;

--
-- Dumping data for table `django_migrations`
--

LOCK TABLES `django_migrations` WRITE;
/*!40000 ALTER TABLE `django_migrations` DISABLE KEYS */;
INSERT INTO `django_migrations` VALUES (1,'contenttypes','0001_initial','2025-04-16 01:34:13.469899'),(2,'auth','0001_initial','2025-04-16 01:34:13.550629'),(3,'admin','0001_initial','2025-04-16 01:34:13.571265'),(4,'admin','0002_logentry_remove_auto_add','2025-04-16 01:34:13.573786'),(5,'admin','0003_logentry_add_action_flag_choices','2025-04-16 01:34:13.576666'),(6,'contenttypes','0002_remove_content_type_name','2025-04-16 01:34:13.607568'),(7,'auth','0002_alter_permission_name_max_length','2025-04-16 01:34:13.616616'),(8,'auth','0003_alter_user_email_max_length','2025-04-16 01:34:13.624800'),(9,'auth','0004_alter_user_username_opts','2025-04-16 01:34:13.627282'),(10,'auth','0005_alter_user_last_login_null','2025-04-16 01:34:13.658470'),(11,'auth','0006_require_contenttypes_0002','2025-04-16 01:34:13.658997'),(12,'auth','0007_alter_validators_add_error_messages','2025-04-16 01:34:13.665771'),(13,'auth','0008_alter_user_username_max_length','2025-04-16 01:34:13.677154'),(14,'auth','0009_alter_user_last_name_max_length','2025-04-16 01:34:13.689063'),(15,'auth','0010_alter_group_name_max_length','2025-04-16 01:34:13.695318'),(16,'auth','0011_update_proxy_permissions','2025-04-16 01:34:13.698038'),(17,'auth','0012_alter_user_first_name_max_length','2025-04-16 01:34:13.709327'),(18,'sessions','0001_initial','2025-04-16 01:34:13.714169'),(19,'cinegatorapp','0001_initial','2025-04-16 01:58:02.060765');
/*!40000 ALTER TABLE `django_migrations` ENABLE KEYS */;
UNLOCK TABLES;

--
-- Table structure for table `django_session`
--

DROP TABLE IF EXISTS `django_session`;
/*!40101 SET @saved_cs_client     = @@character_set_client */;
/*!50503 SET character_set_client = utf8mb4 */;
CREATE TABLE `django_session` (
  `session_key` varchar(40) NOT NULL,
  `session_data` longtext NOT NULL,
  `expire_date` datetime(6) NOT NULL,
  PRIMARY KEY (`session_key`),
  KEY `django_session_expire_date_a5c62663` (`expire_date`)
) ENGINE=InnoDB DEFAULT CHARSET=utf8mb4 COLLATE=utf8mb4_0900_ai_ci;
/*!40101 SET character_set_client = @saved_cs_client */;

--
-- Dumping data for table `django_session`
--

LOCK TABLES `django_session` WRITE;
/*!40000 ALTER TABLE `django_session` DISABLE KEYS */;
INSERT INTO `django_session` VALUES ('1bc0bsco09ukwnnqz45tfk8mnzjo3gra','.eJxVjMsOwiAQRf-FtSGAvOLSvd9AhplBqgaS0q4a_12bdKHbe865m0iwLjWtg-c0kbgILU6_WwZ8ctsBPaDdu8TelnnKclfkQYe8deLX9XD_DiqM-q2djazAhJJVNBY8ahVddr5oDooQKHPkHMA4DYRkQUf0BQyhO3vnvXh_APBaOH8:1u4rh2:XEhd3ajInladj5vi37SDLe4Rt1bbExhXEncDJo9GRCI','2025-04-30 01:36:00.278918'),('kbgitc8z4st4oaokwwcaazxz93ridau8','.eJxVjMsOwiAQRf-FtSGAvOLSvd9AhplBqgaS0q4a_12bdKHbe865m0iwLjWtg-c0kbgILU6_WwZ8ctsBPaDdu8TelnnKclfkQYe8deLX9XD_DiqM-q2djazAhJJVNBY8ahVddr5oDooQKHPkHMA4DYRkQUf0BQyhO3vnvXh_APBaOH8:1u4s5y:SYfq_MrvcNdJcecJEc3LQWAH6srCU0_CIKjK3b84iIs','2025-04-30 02:01:46.947337');
/*!40000 ALTER TABLE `django_session` ENABLE KEYS */;
UNLOCK TABLES;

--
-- Table structure for table `FilmCrew`
--

DROP TABLE IF EXISTS `FilmCrew`;
/*!40101 SET @saved_cs_client     = @@character_set_client */;
/*!50503 SET character_set_client = utf8mb4 */;
CREATE TABLE `FilmCrew` (
  `CrewID` int NOT NULL AUTO_INCREMENT,
  `FirstName` varchar(50) DEFAULT NULL,
  `LastName` varchar(50) DEFAULT NULL,
  `DOB` date DEFAULT NULL,
  `Nationality` varchar(50) DEFAULT NULL,
  PRIMARY KEY (`CrewID`)
) ENGINE=InnoDB AUTO_INCREMENT=156 DEFAULT CHARSET=utf8mb4 COLLATE=utf8mb4_0900_ai_ci;
/*!40101 SET character_set_client = @saved_cs_client */;

--
-- Dumping data for table `FilmCrew`
--

LOCK TABLES `FilmCrew` WRITE;
/*!40000 ALTER TABLE `FilmCrew` DISABLE KEYS */;
INSERT INTO `FilmCrew` VALUES (1,'Robert','Downey Jr.','1975-09-14','New Zealand'),(2,'Chris','Evans','1971-04-23','Mexico'),(3,'Scarlett','Johansson','1978-12-21','New Zealand'),(4,'Chris','Hemsworth','1977-12-11','New Zealand'),(5,'Mark','Ruffalo','1979-08-23','New Zealand'),(6,'Tom','Holland','1999-09-23','Australia'),(7,'Benedict','Cumberbatch','1967-11-13','India'),(8,'Ryan','Reynolds','1986-10-15','Australia'),(9,'Hugh','Jackman','2000-07-26','USA'),(10,'Gal','Gadot','1972-05-19','Australia'),(11,'Margot','Robbie','1995-11-04','Canada'),(12,'Christian','Bale','1997-12-06','New Zealand'),(13,'Leonardo','DiCaprio','1997-01-27','UK'),(14,'Brad','Pitt','1976-10-03','Australia'),(15,'Angelina','Jolie','1965-06-10','Australia'),(16,'Natalie','Portman','1992-04-20','Canada'),(17,'Keanu','Reeves','1985-10-07','Australia'),(18,'Matt','Damon','1968-12-08','USA'),(19,'Emily','Blunt','1964-05-12','Mexico'),(20,'Dwayne','Johnson','1992-12-06','South Korea'),(21,'Vin','Diesel','1969-06-06','Australia'),(22,'Jason','Momoa','1996-03-11','UK'),(23,'Zoe','Saldana','1979-02-27','Canada'),(24,'Chris','Pratt','1994-09-02','Mexico'),(25,'Robert','Pattinson','1972-05-23','UK'),(26,'Zendaya','','1990-04-21','India'),(27,'Timothee','Chalamet','1980-04-01','New Zealand'),(28,'Florence','Pugh','1960-11-01','South Korea'),(29,'Joaquin','Phoenix','1972-01-26','India'),(30,'Michael','B. Jordan','1991-04-19','USA'),(31,'Tom','Cruise','1977-06-10','India'),(32,'Henry','Cavill','1997-10-23','New Zealand'),(33,'Amy','Adams','1993-08-07','South Korea'),(34,'Emma','Stone','1966-01-26','USA'),(35,'Ryan','Gosling','1998-10-28','New Zealand'),(36,'Jessica','Chastain','1965-03-18','Australia'),(37,'Anne','Hathaway','2000-10-23','UK'),(38,'Morgan','Freeman','1994-10-14','South Korea'),(39,'Samuel','L. Jackson','1986-05-20','UK'),(40,'Harrison','Ford','1969-04-12','USA'),(41,'Cate','Blanchett','1964-08-22','UK'),(42,'Kate','Winslet','1970-11-15','India'),(43,'Daniel','Radcliffe','1987-09-15','New Zealand'),(44,'Rupert','Grint','2001-05-02','New Zealand'),(45,'Emma','Watson','1989-06-28','Canada'),(46,'Alan','Rickman','1976-03-07','Japan'),(47,'Gary','Oldman','1980-01-18','UK'),(48,'Ralph','Fiennes','1991-01-28','New Zealand'),(49,'Helena','Bonham Carter','1983-01-20','USA'),(50,'Johnny','Depp','1979-08-10','Mexico'),(51,'Orlando','Bloom','1969-03-13','India'),(52,'Keira','Knightley','1975-09-19','Mexico'),(53,'Jennifer','Lawrence','1997-08-02','South Korea'),(54,'Josh','Hutcherson','1972-07-12','USA'),(55,'Liam','Hemsworth','2002-03-01','South Korea'),(56,'Shah','Rukh Khan','1982-08-17','Canada'),(57,'Aamir','Khan','1974-11-02','Japan'),(58,'Salman','Khan','1983-01-19','Japan'),(59,'Hrithik','Roshan','1976-10-14','Australia'),(60,'Ranbir','Kapoor','1995-03-16','India'),(61,'Deepika','Padukone','1975-10-07','Canada'),(62,'Priyanka','Chopra','1974-03-10','USA'),(63,'Alia','Bhatt','2002-01-07','New Zealand'),(64,'Ayushmann','Khurrana','1998-07-26','India'),(65,'Rajkummar','Rao','1989-04-06','South Korea'),(66,'Vicky','Kaushal','1982-08-14','Australia'),(67,'Taapsee','Pannu','1994-01-25','India'),(68,'Yash','','2000-10-01','USA'),(69,'Prabhas','','1980-09-19','India'),(70,'N.','T. Rama Rao Jr.','2000-07-26','Canada'),(71,'Allu','Arjun','1994-01-06','India'),(72,'Ram','Charan','1973-04-11','Mexico'),(73,'Mahesh','Babu','1967-10-18','USA'),(74,'Anil','Kapoor','1962-01-04','UK'),(75,'Nawazuddin','Siddiqui','1962-10-03','Canada'),(76,'Pankaj','Tripathi','1985-04-18','Australia'),(77,'Radhika','Apte','1982-12-21','Australia'),(78,'Manoj','Bajpayee','1997-06-27','New Zealand'),(79,'Kangana','Ranaut','1972-07-21','Japan'),(80,'Vidya','Balan','1976-01-26','Japan'),(81,'Tabu','','1960-05-06','Canada'),(82,'Saoirse','Ronan','1977-07-17','South Korea'),(83,'Anya','Taylor-Joy','1973-05-10','Australia'),(84,'Millie','Bobby Brown','1969-11-07','Mexico'),(85,'Finn','Wolfhard','1979-02-03','South Korea'),(86,'Winona','Ryder','1979-12-24','India'),(87,'Rachel','McAdams','1986-05-13','UK'),(88,'Tilda','Swinton','1981-12-12','USA'),(89,'Ben','Kingsley','1999-08-14','New Zealand'),(90,'Ken','Watanabe','1963-01-19','New Zealand'),(91,'Rami','Malek','1966-08-26','Australia'),(92,'Brie','Larson','1977-01-07','India'),(93,'Elizabeth','Olsen','1963-12-02','Mexico'),(94,'Paul','Rudd','1979-06-10','India'),(95,'Jeremy','Renner','1996-10-16','Mexico'),(96,'Sebastian','Stan','1963-08-13','Australia'),(97,'Anthony','Mackie','1970-05-18','UK'),(98,'Don','Cheadle','1961-09-25','Mexico'),(99,'Dave','Bautista','1980-12-11','Mexico'),(100,'Karen','Gillan','1991-12-11','India'),(101,'Steven','Spielberg','1982-10-23','Australia'),(102,'Christopher','Nolan','1969-12-16','UK'),(103,'Martin','Scorsese','1948-06-21','India'),(104,'Quentin','Tarantino','1943-03-10','South Korea'),(105,'James','Cameron','1981-09-14','India'),(106,'Ridley','Scott','1944-01-08','Australia'),(107,'Peter','Jackson','1975-05-11','New Zealand'),(108,'George','Lucas','1963-06-18','Canada'),(109,'Tim','Burton','1969-04-22','Australia'),(110,'David','Fincher','1966-02-27','Japan'),(111,'Denis','Villeneuve','1976-06-22','Japan'),(112,'Guillermo','del Toro','1974-04-21','New Zealand'),(113,'Alfonso','Cuaru00f3n','1987-09-19','Canada'),(114,'Alejandro','G. Iu00f1u00e1rritu','1960-11-11','Canada'),(115,'Kathryn','Bigelow','1973-06-17','Mexico'),(116,'Sofia','Coppola','1947-11-19','UK'),(117,'Greta','Gerwig','1951-12-26','Australia'),(118,'Patty','Jenkins','1981-04-21','Mexico'),(119,'Taika','Waititi','1966-06-04','Japan'),(120,'Bong','Joon-ho','1961-10-05','New Zealand'),(121,'Park','Chan-wook','1983-07-21','New Zealand'),(122,'Hayao','Miyazaki','1960-08-24','India'),(123,'Makoto','Shinkai','1976-08-04','Canada'),(124,'Mamoru','Hosoda','1968-10-15','South Korea'),(125,'Ang','Lee','1957-10-20','Japan'),(126,'Wes','Anderson','1988-09-13','USA'),(127,'Guy','Ritchie','1974-02-08','Mexico'),(128,'Ron','Howard','1945-05-05','South Korea'),(129,'Clint','Eastwood','1987-07-14','Canada'),(130,'Spike','Lee','1956-03-10','Japan'),(131,'Jordan','Peele','1944-11-15','UK'),(132,'Chlou00e9','Zhao','1956-12-15','UK'),(133,'Lana','Wachowski','1953-12-16','Canada'),(134,'Lilly','Wachowski','1954-01-20','Australia'),(135,'J.J.','Abrams','1989-11-25','Mexico'),(136,'Matt','Reeves','1950-08-11','South Korea'),(137,'Ryan','Coogler','1973-12-12','New Zealand'),(138,'Jon','Favreau','1967-08-08','India'),(139,'Joe','Russo','1971-01-02','New Zealand'),(140,'Anthony','Russo','1973-10-11','Japan'),(141,'Zack','Snyder','1954-02-19','Japan'),(142,'S.','S. Rajamouli','1946-08-05','UK'),(143,'Prashanth','Neel','1989-06-09','Japan'),(144,'Rajkumar','Hirani','1979-02-13','Mexico'),(145,'Anurag','Kashyap','1942-11-01','India'),(146,'Mira','Nair','1989-02-22','New Zealand'),(147,'Farah','Khan','1990-03-24','South Korea'),(148,'Karan','Johar','1940-12-25','Mexico'),(149,'Sanjay','Leela Bhansali','1986-07-25','India'),(150,'Christopher','McQuarrie','1963-07-28','India'),(151,'Julius','Onah','1983-02-10','USA'),(152,'Craig','Johnson','1961-02-01','USA'),(153,'Nik','Dodani','1993-12-19','USA'),(154,'Leigh','Whannell','1977-01-17','Australia'),(155,'Christopher','Abbott','1986-02-10','Australia');
/*!40000 ALTER TABLE `FilmCrew` ENABLE KEYS */;
UNLOCK TABLES;

--
-- Table structure for table `Genres`
--

DROP TABLE IF EXISTS `Genres`;
/*!40101 SET @saved_cs_client     = @@character_set_client */;
/*!50503 SET character_set_client = utf8mb4 */;
CREATE TABLE `Genres` (
  `GenreName` varchar(50) NOT NULL,
  PRIMARY KEY (`GenreName`)
) ENGINE=InnoDB DEFAULT CHARSET=utf8mb4 COLLATE=utf8mb4_0900_ai_ci;
/*!40101 SET character_set_client = @saved_cs_client */;

--
-- Dumping data for table `Genres`
--

LOCK TABLES `Genres` WRITE;
/*!40000 ALTER TABLE `Genres` DISABLE KEYS */;
INSERT INTO `Genres` VALUES ('Action'),('Adventure'),('Animation'),('Biography'),('Comedy'),('Crime'),('Documentary'),('Drama'),('Family'),('Fantasy'),('History'),('Horror'),('Musical'),('Mystery'),('Romance'),('Sci-Fi'),('Sport'),('Superhero'),('Thriller'),('War');
/*!40000 ALTER TABLE `Genres` ENABLE KEYS */;
UNLOCK TABLES;

--
-- Table structure for table `Movies`
--

DROP TABLE IF EXISTS `Movies`;
/*!40101 SET @saved_cs_client     = @@character_set_client */;
/*!50503 SET character_set_client = utf8mb4 */;
CREATE TABLE `Movies` (
  `MovieID` int NOT NULL,
  `Title` varchar(255) DEFAULT NULL,
  `ReleaseYear` year DEFAULT NULL,
  `Duration` int DEFAULT NULL,
  `PlatformName` varchar(100) DEFAULT NULL,
  `PosterURL` varchar(500) DEFAULT NULL,
  PRIMARY KEY (`MovieID`),
  KEY `PlatformName` (`PlatformName`),
  CONSTRAINT `movies_ibfk_1` FOREIGN KEY (`PlatformName`) REFERENCES `StreamingPlatforms` (`PlatformName`) ON DELETE SET NULL ON UPDATE CASCADE
) ENGINE=InnoDB DEFAULT CHARSET=utf8mb4 COLLATE=utf8mb4_0900_ai_ci;
/*!40101 SET character_set_client = @saved_cs_client */;

--
-- Dumping data for table `Movies`
--

LOCK TABLES `Movies` WRITE;
/*!40000 ALTER TABLE `Movies` DISABLE KEYS */;
INSERT INTO `Movies` VALUES (1,'The Godfather',1972,175,'Apple TV+','https://image.tmdb.org/t/p/w500/3bhkrj58Vtu7enYsRolD1fZdja1.jpg'),(2,'The Shawshank Redemption',1994,142,'Amazon Prime','https://image.tmdb.org/t/p/w500/9cqNxx0GxF0bflZmeSMuL5tnGzr.jpg'),(3,'Schindlers List',1993,195,'Disney+','https://image.tmdb.org/t/p/w500/sF1U4EUQS8YHUYjNl3pMGNIQyr0.jpg'),(4,'Raging Bull',1980,129,'Hulu','https://image.tmdb.org/t/p/w500/1WV7WlTS8LI1L5NkCgjWT9GSW3O.jpg'),(5,'Casablanca',1942,102,'HBO Max','https://image.tmdb.org/t/p/w500/5K7cOHoay2mZusSLezBOY0Qxh8a.jpg'),(6,'Citizen Kane',1941,119,'Apple TV+','https://image.tmdb.org/t/p/w500/sav0jxhqiH0bPr2vZFU0Kjt2nZL.jpg'),(7,'Gone with the Wind',1939,233,'Paramount+','https://image.tmdb.org/t/p/w500/lNz2Ow0wGCAvzckW7EOjE03KcYv.jpg'),(8,'The Wizard of Oz',1939,102,'Peacock','https://image.tmdb.org/t/p/w500/pfAZFD7I2hxW9HCChTuAzsdE6UX.jpg'),(9,'One Flew Over the Cuckoos Nest',1975,133,'Netflix','https://image.tmdb.org/t/p/w500/kjWsMh72V6d8KRLV4EOoSJLT1H7.jpg'),(10,'Lawrence of Arabia',1962,218,'Amazon Prime','https://image.tmdb.org/t/p/w500/AiAm0EtDvyGqNpVoieRw4u65vD1.jpg'),(11,'Vertigo',1958,128,'Disney+','https://image.tmdb.org/t/p/w500/15uOEfqBNTVtDUT7hGBVCka0rZz.jpg'),(12,'Psycho',1960,109,'Hulu','https://image.tmdb.org/t/p/w500/tY0OLFUsTXdvNppTpnNc4EVYy2z.jpg'),(13,'The Dark Knight',2008,152,'HBO Max','https://image.tmdb.org/t/p/w500/qJ2tW6WMUDux911r6m7haRef0WH.jpg'),(14,'12 Angry Men',1957,96,'Apple TV+','https://image.tmdb.org/t/p/w500/ow3wq89wM8qd5X7hWKxiRfsFf9C.jpg'),(15,'2001: A Space Odyssey',1968,149,'Paramount+','https://image.tmdb.org/t/p/w500/ve72VxNqjGM69Uky4WTo2bK6rfq.jpg'),(16,'The Silence of the Lambs',1991,118,'Peacock','https://image.tmdb.org/t/p/w500/uS9m8OBk1A8eM9I042bx8XXpqAq.jpg'),(17,'Chinatown',1974,130,'Netflix','https://image.tmdb.org/t/p/w500/kZRSP3FmOcq0xnBulqpUQngJUXY.jpg'),(18,'The Bridge on the River Kwai',1957,161,'Amazon Prime','https://image.tmdb.org/t/p/w500/7paXMt2e3Tr5dLmEZOGgFEn2Vo7.jpg'),(19,'Singin in the Rain',1952,103,'Disney+','https://image.tmdb.org/t/p/w500/w03EiJVHP8Un77boQeE7hg9DVdU.jpg'),(20,'Its a Wonderful Life',1946,130,'Hulu','https://image.tmdb.org/t/p/w500/gfcBhy6eKknXLC3oVGXVfdChpAn.jpg'),(21,'Saving Private Ryan',1998,169,'HBO Max','https://image.tmdb.org/t/p/w500/uqx37cS8cpHg8U35f9U5IBlrCV3.jpg'),(22,'The Green Mile',1999,189,'Apple TV+','https://image.tmdb.org/t/p/w500/8VG8fDNiy50H4FedGwdSVUPoaJe.jpg'),(23,'Interstellar',2014,169,'Paramount+','https://image.tmdb.org/t/p/w500/gEU2QniE6E77NI6lCU6MxlNBvIx.jpg'),(24,'Parasite',2019,132,'Peacock','https://image.tmdb.org/t/p/w500/4DGPORlVIDIQvsuSDnM4uXKMjWS.jpg'),(25,'Spirited Away',2001,125,'Netflix','https://image.tmdb.org/t/p/w500/39wmItIWsg5sZMyRUHLkWBcuVCM.jpg'),(26,'Back to the Future',1985,116,'Amazon Prime','https://image.tmdb.org/t/p/w500/vN5B5WgYscRGcQpVhHl6p9DDTP0.jpg'),(27,'Pulp Fiction',1994,154,'Disney+','https://image.tmdb.org/t/p/w500/vQWk5YBFWF4bZaofAbv0tShwBvQ.jpg'),(28,'The Good the Bad and the Ugly',1966,161,'Hulu','https://image.tmdb.org/t/p/w500/bX2xnavhMYjWDoZp1VM6VnU1xwe.jpg'),(29,'Forrest Gump',1994,142,'HBO Max','https://image.tmdb.org/t/p/w500/arw2vcBveWOVZr6pxd9XTd1TdQa.jpg'),(31,'Inception',2010,148,'Paramount+','https://image.tmdb.org/t/p/w500/ljsZTbVsrQSqZgWeep2B1QiDKuh.jpg'),(32,'Goodfellas',1990,145,'Peacock','https://image.tmdb.org/t/p/w500/aKuFiU82s5ISJpGZp7YkIr3kCUd.jpg'),(33,'The Matrix',1999,136,'Netflix','https://image.tmdb.org/t/p/w500/dXNAPwY7VrqMAo51EKhhCJfaGb5.jpg'),(34,'Seven Samurai',1954,207,'Amazon Prime','https://image.tmdb.org/t/p/w500/8OKmBV5BUFzmozIC3pPWKHy17kx.jpg'),(35,'Star Wars: Episode IV - A New Hope',1977,121,'Disney+','https://image.tmdb.org/t/p/w500/6FfCtAuVAW8XJjZ7eWeLibRLWTw.jpg'),(36,'The Empire Strikes Back',1980,124,'Hulu','https://image.tmdb.org/t/p/w500/heJkgOCx4pHqdooYA1h7B65ghvf.jpg'),(37,'Return of the Jedi',1983,131,'HBO Max','https://image.tmdb.org/t/p/w500/jQYlydvHm3kUix1f8prMucrplhm.jpg'),(38,'Terminator 2: Judgment Day',1991,137,'Apple TV+','https://image.tmdb.org/t/p/w500/5M0j0B18abtBI5gi2RhfjjurTqb.jpg'),(39,'Alien',1979,117,'Paramount+','https://image.tmdb.org/t/p/w500/vfrQk5IPloGg1v9Rzbh2Eg3VGyM.jpg'),(40,'Aliens',1986,137,'Peacock','https://image.tmdb.org/t/p/w500/r1x5JGpyqZU8PYhbs4UcrO1Xb6x.jpg'),(41,'Raiders of the Lost Ark',1981,115,'Netflix','https://image.tmdb.org/t/p/w500/ceG9VzoRAVGwivFU403Wc3AHRys.jpg'),(42,'Jaws',1975,124,'Amazon Prime','https://image.tmdb.org/t/p/w500/lxM6kqilAdpdhqUl2biYp5frUxE.jpg'),(43,'E.T. the Extra-Terrestrial',1982,115,'Disney+','https://image.tmdb.org/t/p/w500/an0nD6uq6byfxXCfk6lQBzdL2J1.jpg'),(44,'Toy Story',1995,81,'Hulu','https://image.tmdb.org/t/p/w500/uXDfjJbdP4ijW5hWSBrPrlKpxab.jpg'),(45,'Braveheart',1995,178,'HBO Max','https://image.tmdb.org/t/p/w500/or1gBugydmjToAEq7OZY0owwFk.jpg'),(46,'Amadeus',1984,160,'Apple TV+','https://image.tmdb.org/t/p/w500/1n5VUlCqgmVax1adxGZm8oCFaKc.jpg'),(47,'A Clockwork Orange',1971,136,'Paramount+','https://image.tmdb.org/t/p/w500/4sHeTAp65WrSSuc05nRBKddhBxO.jpg'),(48,'Apocalypse Now',1979,147,'Peacock','https://image.tmdb.org/t/p/w500/gQB8Y5RCMkv2zwzFHbUJX3kAhvA.jpg'),(49,'Full Metal Jacket',1987,116,'Netflix','https://image.tmdb.org/t/p/w500/kMKyx1k8hWWscYFnPbnxxN4Eqo4.jpg'),(50,'Scarface',1983,170,'Amazon Prime','https://image.tmdb.org/t/p/w500/iQ5ztdjvteGeboxtmRdXEChJOHh.jpg'),(51,'Taxi Driver',1976,114,'Disney+','https://image.tmdb.org/t/p/w500/ekstpH614fwDX8DUln1a2Opz0N8.jpg'),(52,'Some Like It Hot',1959,121,'Hulu','https://image.tmdb.org/t/p/w500/hVIKyTK13AvOGv7ICmJjK44DTzp.jpg'),(53,'The Shining',1980,146,'HBO Max','https://image.tmdb.org/t/p/w500/xazWoLealQwEgqZ89MLZklLZD3k.jpg'),(54,'Sing Street',2016,106,'Apple TV+','https://image.tmdb.org/t/p/w500/sUWpVlrvzU2SJbnVZqIeKulPKwk.jpg'),(55,'The Thing',1982,109,'Paramount+','https://image.tmdb.org/t/p/w500/tzGY49kseSE9QAKk47uuDGwnSCu.jpg'),(56,'Jurassic Park',1993,127,'Peacock','https://image.tmdb.org/t/p/w500/fjTU1Bgh3KJu4aatZil3sofR2zC.jpg'),(57,'The Lion King',1994,88,'Netflix','https://image.tmdb.org/t/p/w500/dzBtMocZuJbjLOXvrl4zGYigDzh.jpg'),(58,'The Prestige',2006,130,'Amazon Prime','https://image.tmdb.org/t/p/w500/bdN3gXuIZYaJP7ftKK2sU0nPtEA.jpg'),(59,'Memento',2000,113,'Disney+','https://image.tmdb.org/t/p/w500/fKTPH2WvH8nHTXeBYBVhawtRqtR.jpg'),(60,'Blade Runner',1982,117,'Hulu','https://image.tmdb.org/t/p/w500/gajva2L0rPYkEWjzgFlBXCAVBE5.jpg'),(61,'Blade Runner 2049',2017,164,'HBO Max','https://image.tmdb.org/t/p/w500/gajva2L0rPYkEWjzgFlBXCAVBE5.jpg'),(62,'American History X',1998,119,'Apple TV+','https://image.tmdb.org/t/p/w500/euypWkaYFOLW3e5rLIcTAjWnhhT.jpg'),(63,'The Truman Show',1998,103,'Paramount+','https://image.tmdb.org/t/p/w500/vuza0WqY239yBXOadKlGwJsZJFE.jpg'),(64,'Die Hard',1988,132,'Peacock','https://image.tmdb.org/t/p/w500/1NnCbaFaWgHczKjH5Eii46VmpPp.jpg'),(65,'Indiana Jones and the Temple of Doom',1984,118,'Netflix','https://image.tmdb.org/t/p/w500/om61eim8XwLfh6QXzh2r0Q4blBz.jpg'),(66,'Indiana Jones and the Last Crusade',1989,127,'Amazon Prime','https://image.tmdb.org/t/p/w500/sizg1AU8f8JDZX4QIgE4pjUMBvx.jpg'),(67,'Gladiator',2000,155,'Disney+','https://image.tmdb.org/t/p/w500/w0YjBWVfu689txEXZG3xa4Aev3i.jpg'),(68,'Batman Begins',2005,140,'Hulu','https://image.tmdb.org/t/p/w500/4MpN4kIEqUjW8OPtOQJXlTdHiJV.jpg'),(69,'The Dark Knight Rises',2012,165,'HBO Max','https://image.tmdb.org/t/p/w500/hr0L2aueqlP2BYUblTTjmtn0hw4.jpg'),(70,'Django Unchained',2012,165,'Apple TV+','https://image.tmdb.org/t/p/w500/bV0rWoiRo7pHUTQkh6Oio6irlXO.jpg'),(71,'Inglourious Basterds',2009,153,'Paramount+','https://image.tmdb.org/t/p/w500/7sfbEnaARXDDhKm0CZ7D7uc2sbo.jpg'),(72,'The Wolf of Wall Street',2013,180,'Peacock','https://image.tmdb.org/t/p/w500/kW9LmvYHAaS9iA0tHmZVq8hQYoq.jpg'),(73,'Titanic',1997,195,'Netflix','https://image.tmdb.org/t/p/w500/rEPzO9I6LCk6Mxg1X4BsBk6oA3V.jpg'),(74,'The Avengers',2012,143,'Amazon Prime','https://image.tmdb.org/t/p/w500/RYMX2wcKCBAr24UyPD7xwmjaTn.jpg'),(75,'Avengers: Infinity War',2018,149,'Disney+','https://image.tmdb.org/t/p/w500/7WsyChQLEftFiDOVTGkv3hFpyyt.jpg'),(76,'Avengers: Endgame',2019,181,'Hulu','https://image.tmdb.org/t/p/w500/ulzhLuWrPK07P1YkdWQLZnQh1JL.jpg'),(77,'Captain America: Civil War',2016,147,'HBO Max','https://image.tmdb.org/t/p/w500/rAGiXaUfPzY7CDEyNKUofk3Kw2e.jpg'),(78,'Iron Man',2008,126,'Apple TV+','https://image.tmdb.org/t/p/w500/78lPtwv72eTNqFW9COBYI0dWDJa.jpg'),(79,'Black Panther',2018,134,'Paramount+','https://image.tmdb.org/t/p/w500/uxzzxijgPIY7slzFvMotPv8wjKA.jpg'),(80,'Thor: Ragnarok',2017,130,'Peacock','https://image.tmdb.org/t/p/w500/rzRwTcFvttcN1ZpX2xv4j3tSdJu.jpg'),(81,'Guardians of the Galaxy',2014,121,'Netflix','https://image.tmdb.org/t/p/w500/jPrJPZKJVhvyJ4DmUTrDgmFN0yG.jpg'),(82,'Doctor Strange',2016,115,'Amazon Prime','https://image.tmdb.org/t/p/w500/uGBVj3bEbCoZbDjjl9wTxcygko1.jpg'),(83,'Spider-Man',2002,121,'Disney+','https://image.tmdb.org/t/p/w500/gh4cZbhZxyTbgxQPxD0dOudNPTn.jpg'),(84,'Spider-Man 2',2004,127,'Hulu','https://image.tmdb.org/t/p/w500/aGuvNAaaZuWXYQQ6N2v7DeuP6mB.jpg'),(85,'Spider-Man: Homecoming',2017,133,'HBO Max','https://image.tmdb.org/t/p/w500/c24sv2weTHPsmDa7jEMN0m2P3RT.jpg'),(86,'Spider-Man: Into the Spider-Verse',2018,117,'Apple TV+','https://image.tmdb.org/t/p/w500/iiZZdoQBEYBv6id8su7ImL0oCbD.jpg'),(87,'Spider-Man: Across the Spider-Verse',2023,140,'Paramount+','https://image.tmdb.org/t/p/w500/8Vt6mWEReuy4Of61Lnj5Xj704m8.jpg'),(88,'Logan',2017,137,'Peacock','https://image.tmdb.org/t/p/w500/fnbjcRDYn6YviCcePDnGdyAkYsB.jpg'),(89,'X-Men',2000,104,'Netflix','https://image.tmdb.org/t/p/w500/vF02RqXLgtmpJM5CRLSuvN3fVHi.jpg'),(90,'X2: X-Men United',2003,134,'Amazon Prime','https://image.tmdb.org/t/p/w500/rtrd4qieMAhoUshu83Vi1GazM1O.jpg'),(91,'Deadpool',2016,108,'Disney+','https://image.tmdb.org/t/p/w500/3E53WEZJqP6aM84D8CckXx4pIHw.jpg'),(92,'Star Wars: Episode I  The Phantom Menace',1999,136,'Hulu',NULL),(93,'Star Wars: Episode II  Attack of the Clones',2002,142,'HBO Max',NULL),(94,'Star Wars: Episode III  Revenge of the Sith',2005,140,'Apple TV+',NULL),(95,'Rogue One: A Star Wars Story',2016,133,'Paramount+','https://image.tmdb.org/t/p/w500/i0yw1mFbB7sNGHCs7EXZPzFkdA1.jpg'),(96,'Star Wars: The Force Awakens',2015,138,'Peacock','https://image.tmdb.org/t/p/w500/wqnLdwVXoBjKibFRR5U3y0aDUhs.jpg'),(97,'Star Wars: The Last Jedi',2017,152,'Netflix','https://image.tmdb.org/t/p/w500/kOVEVeg59E0wsnXmF9nrh6OmWII.jpg'),(98,'Star Wars: The Rise of Skywalker',2019,142,'Amazon Prime','https://image.tmdb.org/t/p/w500/db32LaOibwEliAmSL2jjDF6oDdj.jpg'),(99,'The Fifth Element',1997,126,'Disney+','https://image.tmdb.org/t/p/w500/fPtlCO1yQtnoLHOwKtWz7db6RGU.jpg'),(100,'Leon: The Professional',1994,110,'Hulu','https://image.tmdb.org/t/p/w500/yI6X2cCM5YPJtxMhUd3dPGqDAhw.jpg'),(101,'Hacksaw Ridge',2016,139,'HBO Max','https://image.tmdb.org/t/p/w500/jhWbYeUNOA5zAb6ufK6pXQFXqTX.jpg'),(102,'The Departed',2006,151,'Apple TV+','https://image.tmdb.org/t/p/w500/nT97ifVT2J1yMQmeq20Qblg61T.jpg'),(103,'The Social Network',2010,120,'Paramount+','https://image.tmdb.org/t/p/w500/n0ybibhJtQ5icDqTp8eRytcIHJx.jpg'),(104,'Zodiac',2007,157,'Peacock','https://image.tmdb.org/t/p/w500/6YmeO4pB7XTh8P8F960O1uA14JO.jpg'),(105,'Se7en',1995,127,'Netflix','https://image.tmdb.org/t/p/w500/191nKfP0ehp3uIvWqgPbFmI4lv9.jpg'),(106,'Shutter Island',2010,138,'Amazon Prime','https://image.tmdb.org/t/p/w500/nrmXQ0zcZUL8jFLrakWc90IR8z9.jpg'),(107,'City of God',2002,130,'Disney+','https://image.tmdb.org/t/p/w500/k7eYdWvhYQyRQoU2TB2A2Xu2TfD.jpg'),(108,'The Pianist',2002,150,'Hulu','https://image.tmdb.org/t/p/w500/2hFvxCCWrTmCYwfy7yum0GKRi3Y.jpg'),(109,'The Usual Suspects',1995,106,'HBO Max','https://image.tmdb.org/t/p/w500/rWbsxdwF9qQzpTPCLmDfVnVqTK1.jpg'),(110,'Reservoir Dogs',1992,99,'Apple TV+','https://image.tmdb.org/t/p/w500/2GoaRQCMHdqwzCkfmDVlzREZlnL.jpg'),(111,'Brave',2012,93,'Paramount+','https://image.tmdb.org/t/p/w500/1XAuDtMWpL0sYSFK0R6EZate2Ux.jpg'),(112,'Inside Out',2015,95,'Peacock','https://image.tmdb.org/t/p/w500/2H1TmgdfNtsKlU9jKdeNyYL5y8T.jpg'),(113,'WALL-E',2008,98,'Netflix','https://image.tmdb.org/t/p/w500/fl5DmLQOan2t5PSuaKZ9ypz5tXd.jpg'),(114,'Finding Nemo',2003,100,'Amazon Prime','https://image.tmdb.org/t/p/w500/eHuGQ10FUzK1mdOY69wF5pGgEf5.jpg'),(115,'Monsters Inc.',2001,92,'Disney+','https://image.tmdb.org/t/p/w500/qjlbN6aK1qgeg3SspFVovT2D1Me.jpg'),(116,'The Incredibles',2004,115,'Hulu','https://image.tmdb.org/t/p/w500/2LqaLgk4Z226KkgPJuiOQ58wvrm.jpg'),(117,'Incredibles 2',2018,118,'HBO Max','https://image.tmdb.org/t/p/w500/9lFKBtaVIhP7E2Pk0IY1CwTKTMZ.jpg'),(118,'Toy Story 2',1999,92,'Apple TV+','https://image.tmdb.org/t/p/w500/yFWQkz2ynjwsazT6xQiIXEUsyuh.jpg'),(119,'Toy Story 3',2010,103,'Paramount+','https://image.tmdb.org/t/p/w500/AbbXspMOwdvwWZgVN0nabZq03Ec.jpg'),(120,'Toy Story 4',2019,100,'Peacock','https://image.tmdb.org/t/p/w500/w9kR8qbmQ01HwnvK4alvnQ2ca0L.jpg'),(121,'Ratatouille',2007,111,'Netflix','https://image.tmdb.org/t/p/w500/t3vaWRPSf6WjDSamIkKDs1iQWna.jpg'),(122,'Coco',2017,105,'Amazon Prime','https://image.tmdb.org/t/p/w500/xQ7gSJIlF4wG6qcaRmiVGBiTKWW.jpg'),(123,'Up',2009,96,'Disney+','https://image.tmdb.org/t/p/w500/mFvoEwSfLqbcWwFsDjQebn9bzFe.jpg'),(124,'Finding Dory',2016,97,'Hulu','https://image.tmdb.org/t/p/w500/3UVe8NL1E2ZdUZ9EDlKGJY5UzE.jpg'),(125,'Moana',2016,107,'HBO Max','https://image.tmdb.org/t/p/w500/nEDFaNVqmLl2UeUYvvkKDSge5Ed.jpg'),(126,'Zootopia',2016,108,'Apple TV+','https://image.tmdb.org/t/p/w500/hlK0e0wAQ3VLuJcsfIYPvb4JVud.jpg'),(127,'Frozen',2013,102,'Paramount+','https://image.tmdb.org/t/p/w500/2J3URUnDrIpNvh0uVqINQvr4HhW.jpg'),(128,'Frozen II',2019,103,'Peacock','https://image.tmdb.org/t/p/w500/mINJaa34MtknCYl5AjtNJzWj8cD.jpg'),(129,'Tangled',2010,100,'Netflix','https://image.tmdb.org/t/p/w500/ym7Kst6a4uodryxqbGOxmewF235.jpg'),(130,'The Lion King (2019)',2019,118,'Amazon Prime','https://image.tmdb.org/t/p/w500/dzBtMocZuJbjLOXvrl4zGYigDzh.jpg'),(131,'Aladdin (2019)',2019,128,'Disney+','https://image.tmdb.org/t/p/w500/ykUEbfpkf8d0w49pHh0AD2KrT52.jpg'),(132,'Maleficent',2014,97,'Hulu','https://image.tmdb.org/t/p/w500/bDG3yei6AJlEAK3A5wN7RwFXQ7V.jpg'),(133,'Cinderella (2015)',2015,105,'HBO Max','None'),(134,'Beauty and the Beast (2017)',2017,129,'Apple TV+','https://image.tmdb.org/t/p/w500/hKegSKIDep2ewJWPUQD7u0KqFIp.jpg'),(135,'Mulan (2020)',2020,115,'Paramount+','https://image.tmdb.org/t/p/w500/aKx1ARwG55zZ0GpRvU2WrGrCG9o.jpg'),(136,'Cruella',2021,134,'Peacock','https://image.tmdb.org/t/p/w500/wToO8opxkGwKgSfJ1JK8tGvkG6U.jpg'),(137,'The Jungle Book (2016)',2016,106,'Netflix','https://image.tmdb.org/t/p/w500/2Epx7F9X7DrFptn4seqn4mzBVks.jpg'),(138,'Alice in Wonderland (2010)',2010,108,'Amazon Prime','None'),(139,'Snow White and the Seven Dwarfs',1937,83,'Disney+','https://image.tmdb.org/t/p/w500/3VAHfuNb6Z7UiW12iYKANSPBl8m.jpg'),(140,'Pinocchio (1940)',1940,88,'Hulu','https://image.tmdb.org/t/p/w500/bnZJrLRnoQHpzEJdka1KYfsAF3N.jpg'),(141,'Dumbo (1941)',1941,64,'HBO Max','None'),(142,'Bambi',1942,70,'Apple TV+','https://image.tmdb.org/t/p/w500/wV9e2y4myJ4KMFsyFfWYcUOawyK.jpg'),(143,'The Little Mermaid',1989,83,'Paramount+','https://image.tmdb.org/t/p/w500/qEM80vqREgfjk7YhIbl4AgfZ47S.jpg'),(144,'Sleeping Beauty',1959,75,'Peacock','https://image.tmdb.org/t/p/w500/nf0epPWD2bK3YufyvblQyLmHnKB.jpg'),(145,'Peter Pan',1953,77,'Netflix','https://image.tmdb.org/t/p/w500/hR9TvTsDAqQhg1PehPD6D4xWsK1.jpg'),(146,'Dalmatians (1961)',1961,79,'Amazon Prime','None'),(147,'The Sound of Music',1965,172,'Disney+','https://image.tmdb.org/t/p/w500/5qQTu2iGTiQ2UvyGp0beQAZ2rKx.jpg'),(148,'Mary Poppins',1964,139,'Hulu','https://image.tmdb.org/t/p/w500/ei8hhYCMfURfPOXKBnyl61be2iV.jpg'),(149,'West Side Story',1961,153,'HBO Max','https://image.tmdb.org/t/p/w500/yfz3IUoYYSY32tkb97HlUBGFsnh.jpg'),(150,'La La Land',2016,128,'Apple TV+','https://image.tmdb.org/t/p/w500/uDO8zWDhfWwoFdKS4fzkUJt0Rf0.jpg'),(151,'Whiplash',2014,107,'Paramount+','https://image.tmdb.org/t/p/w500/7fn624j5lj3xTme2SgiLCeuedmO.jpg'),(152,'No Country for Old Men',2007,122,'Peacock','https://image.tmdb.org/t/p/w500/bj1v6YKF8yHqA489VFfnQvOJpnc.jpg'),(153,'Fargo',1996,98,'Netflix','https://image.tmdb.org/t/p/w500/rUjUCT6GvFS475sKJVfHWZUdnv5.jpg'),(154,'The Big Lebowski',1998,117,'Amazon Prime','https://image.tmdb.org/t/p/w500/9mprbw31MGdd66LR0AQKoDMoFRv.jpg'),(155,'Unforgiven',1992,131,'Disney+','https://image.tmdb.org/t/p/w500/54roTwbX9fltg85zjsmrooXAs12.jpg'),(156,'The Revenant',2015,156,'Hulu','https://image.tmdb.org/t/p/w500/ji3ecJphATlVgWNY0B0RVXZizdf.jpg'),(157,'Birdman',2014,119,'HBO Max','https://image.tmdb.org/t/p/w500/9n0u3Ee7OUjgeyF5kIwahxkf4xm.jpg'),(158,'Dallas Buyers Club',2013,117,'Apple TV+','https://image.tmdb.org/t/p/w500/7Fdh7gUq3plvQqxRbNYhWvDABXA.jpg'),(159,'3 Idiots',2009,170,'Paramount+','https://image.tmdb.org/t/p/w500/66A9MqXOyVFCssoloscw79z8Tew.jpg'),(160,'PK',2014,153,'Peacock','https://image.tmdb.org/t/p/w500/pzSN4XWmmU9uDeLu3aUw6OclGeD.jpg'),(161,'Dangal',2016,161,'Netflix','https://image.tmdb.org/t/p/w500/lHd3W8E5aKoki9pDP7tN7yEh3c0.jpg'),(162,'Lagaan',2001,224,'Amazon Prime','https://image.tmdb.org/t/p/w500/yNX9lFRAFeNLNRIXdqZK9gYrYKa.jpg'),(163,'Slumdog Millionaire',2008,120,'Disney+','https://image.tmdb.org/t/p/w500/5leCCi7ZF0CawAfM5Qo2ECKPprc.jpg'),(164,'Gully Boy',2019,154,'Hulu','https://image.tmdb.org/t/p/w500/4RE7TD5TqEXbPKyUHcn7CSeMlrJ.jpg'),(165,'Uri: The Surgical Strike',2019,138,'HBO Max','https://image.tmdb.org/t/p/w500/yNySAgpAnWmPpYinim9E0tUzJWG.jpg'),(166,'Baahubali: The Beginning',2015,158,'Apple TV+','https://image.tmdb.org/t/p/w500/9BAjt8nSSms62uOVYn1t3C3dVto.jpg'),(167,'Baahubali 2: The Conclusion',2017,167,'Paramount+','https://image.tmdb.org/t/p/w500/xQ22LOWSkClP3maYhR9nZH0dnWM.jpg'),(168,'K.G.F: Chapter 1',2018,155,'Peacock','https://image.tmdb.org/t/p/w500/ltHlJwvxKv7d0ooCiKSAvfwV9tX.jpg'),(169,'K.G.F: Chapter 2',2022,168,'Netflix','https://image.tmdb.org/t/p/w500/khNVygolU0TxLIDWff5tQlAhZ23.jpg'),(170,'Drishyam',2013,160,'Amazon Prime','None'),(171,'Drishyam 2',2021,153,'Disney+','https://image.tmdb.org/t/p/w500/8RJBCUGE27LX06tAES4jTELN0KA.jpg'),(172,'Andhadhun',2018,139,'Hulu','https://image.tmdb.org/t/p/w500/dy3K6hNvwE05siGgiLJcEiwgpdO.jpg'),(173,'Black Friday',2004,143,'HBO Max','https://image.tmdb.org/t/p/w500/vf9Ex4EwSPlwbva4ZJdljsQQOML.jpg'),(174,'Bajrangi Bhaijaan',2015,159,'Apple TV+','https://image.tmdb.org/t/p/w500/vhlliI7HZZlWfo5d6CiyfBAGLrW.jpg'),(175,'Zindagi Na Milegi Dobara',2011,155,'Paramount+','https://image.tmdb.org/t/p/w500/hKO9O715wYxjkQSEv47giCYcyO8.jpg'),(176,'Dil Chahta Hai',2001,183,'Peacock','https://image.tmdb.org/t/p/w500/d5yjk7hbv8AK0DR0oJUrSGHMn9A.jpg'),(177,'Swades',2004,189,'Netflix','https://image.tmdb.org/t/p/w500/yUSL24kpHc9Nls4Pohia4shgcIM.jpg'),(178,'Padmaavat',2018,164,'Amazon Prime','https://image.tmdb.org/t/p/w500/5kk71s8Vmvt8XQOojevhTA5QcB0.jpg'),(179,'Yeh Jawaani Hai Deewani',2013,160,'Disney+','https://image.tmdb.org/t/p/w500/em39H81XLCDgXsI7V4IcBZseEO6.jpg'),(180,'Kabhi Khushi Kabhie Gham',2001,210,'Hulu','https://image.tmdb.org/t/p/w500/12BvYKueY0eruZuTYIextEZaCC.jpg'),(181,'Kuch Kuch Hota Hai',1998,185,'HBO Max','https://image.tmdb.org/t/p/w500/5FmtHHDGPofW5Zjns1EM1D8503c.jpg'),(182,'DDLJ (Dilwale Dulhania Le Jayenge)',1995,189,'Apple TV+','https://image.tmdb.org/t/p/w500/lfRkUr7DYdHldAqi3PwdQGBRBPM.jpg'),(183,'Sholay',1975,162,'Paramount+','https://image.tmdb.org/t/p/w500/ya9bwgqA4eNl5bQ9QqS0jcmRoBS.jpg'),(184,'Mughal-e-Azam',1960,197,'Peacock','https://image.tmdb.org/t/p/w500/lKfNZUh9CRp1EHjxgNGtrbvm55.jpg'),(185,'Mother India',1957,172,'Netflix','https://image.tmdb.org/t/p/w500/AlfM9yLcK1rhv73iNbDiOU9vnnu.jpg'),(186,'Anand',1971,122,'Amazon Prime','https://image.tmdb.org/t/p/w500/a0inCjOHm5Y8MEjxUPfXA9iPZmv.jpg'),(187,'3 Idiots (re-release)',2022,170,'Disney+','None'),(188,'Black',2005,122,'Hulu','https://image.tmdb.org/t/p/w500/59iN2DBm5tzKsmI58xUgK3FtgRr.jpg'),(189,'Barfi!',2012,151,'HBO Max','https://image.tmdb.org/t/p/w500/3dMcxaL0oD79nc31FQK5D7YZ3Kv.jpg'),(190,'Haider',2014,150,'Apple TV+','https://image.tmdb.org/t/p/w500/lOCotkHPODWdsRDMoLbSdLdVT3L.jpg'),(191,'Gangs of Wasseypur',2012,160,'Paramount+','https://image.tmdb.org/t/p/w500/4CVPyT10Cvw9BCgWNKXiRcXntuc.jpg'),(192,'Bhaag Milkha Bhaag',2013,186,'Peacock','https://image.tmdb.org/t/p/w500/bXywc0CEzS1fIshPWWi4V8A58U3.jpg'),(193,'Kapoor and Sons',2016,132,'Netflix','https://image.tmdb.org/t/p/w500/oPdcOInH8TqR5udDTDPiDuLSN90.jpg'),(194,'Bahubali (re-release)',2021,158,'Amazon Prime','None'),(195,'Tumbbad',2018,113,'Disney+','https://image.tmdb.org/t/p/w500/6qeRFImDskoIRkSCFatqeM2rM3k.jpg'),(196,'Masaan',2015,109,'Hulu','https://image.tmdb.org/t/p/w500/pDg9Em9YJtIdIzvjMklmFsTBB0s.jpg'),(197,'Paan Singh Tomar',2012,135,'HBO Max','https://image.tmdb.org/t/p/w500/ii2KMVvGmcmJrqwYcT5nKn92bD5.jpg'),(198,'Chhichhore',2019,143,'Apple TV+','https://image.tmdb.org/t/p/w500/cGDPQtQ5igtPMt3oJ6BCAor6dFp.jpg'),(199,'Article 15',2019,130,'Paramount+','https://image.tmdb.org/t/p/w500/7pCaexxVAq37Q9Rzo3saBP8DOHn.jpg'),(200,'Section 375',2019,120,'Peacock','https://image.tmdb.org/t/p/w500/x7rVZ0KiPWxBMJBI8roIwlMvs2c.jpg'),(201,'Dune (2021)',2021,155,'Netflix','None'),(202,'Dune: Part Two',2024,166,'Amazon Prime','https://image.tmdb.org/t/p/w500/6izwz7rsy95ARzTR3poZ8H6c5pp.jpg'),(203,'Top Gun: Maverick',2022,131,'Disney+','https://image.tmdb.org/t/p/w500/62HCnUTziyWcpDaBO2i1DX17ljH.jpg'),(204,'Everything Everywhere All at Once',2022,139,'Hulu','https://image.tmdb.org/t/p/w500/u68AjlvlutfEIcpmbYpKcdi09ut.jpg'),(205,'Batman v Superman: Dawn of Justice',2016,151,'HBO Max','https://image.tmdb.org/t/p/w500/5UsK3grJvtQrtzEgqNlDljJW96w.jpg'),(206,'Man of Steel',2013,143,'Apple TV+','https://image.tmdb.org/t/p/w500/dksTL9NXc3GqPBRHYHcy1aIwjS.jpg'),(207,'Zack Snyders Justice League',2021,242,'Paramount+','https://image.tmdb.org/t/p/w500/tnAuB8q5vv7Ax9UAEje5Xi4BXik.jpg'),(208,'Wonder Woman',2017,141,'Peacock','https://image.tmdb.org/t/p/w500/v4ncgZjG2Zu8ZW5al1vIZTsSjqX.jpg'),(209,'Joker',2019,122,'Netflix','https://image.tmdb.org/t/p/w500/udDclJoHjfjb8Ekgsd4FDteOkCU.jpg'),(210,'Aquaman',2018,143,'Amazon Prime','https://image.tmdb.org/t/p/w500/7V7FKWg5za1GN3VdijgkQadNGtb.jpg'),(211,'Suicide Squad',2016,123,'Disney+','https://image.tmdb.org/t/p/w500/sk3FZgh3sRrmr8vyhaitNobMcfh.jpg'),(212,'Birds of Prey',2020,109,'Hulu','None'),(213,'Shazam!',2019,132,'HBO Max','https://image.tmdb.org/t/p/w500/xnopI5Xtky18MPhK40cZAGAOVeV.jpg'),(214,'Black Adam',2022,125,'Apple TV+','https://image.tmdb.org/t/p/w500/rCtreCr4xiYEWDQTebybolIh6Xe.jpg'),(215,'Prometheus',2012,124,'Paramount+','https://image.tmdb.org/t/p/w500/m7nZCtHJyDLncBUarfM5h5mrppx.jpg'),(216,'The Martian',2015,144,'Peacock','https://image.tmdb.org/t/p/w500/3ndAx3weG6KDkJIRMCi5vXX6Dyb.jpg'),(217,'Gravity',2013,91,'Netflix','https://image.tmdb.org/t/p/w500/kZ2nZw8D681aphje8NJi8EfbL1U.jpg'),(218,'Blade',1998,120,'Amazon Prime','https://image.tmdb.org/t/p/w500/oWT70TvbsmQaqyphCZpsnQR7R32.jpg'),(219,'Blade II',2002,117,'Disney+','https://image.tmdb.org/t/p/w500/azzTa03g0Fb8HC7O3521qq0oc8Q.jpg'),(220,'Kung Fu Hustle',2004,99,'Hulu','https://image.tmdb.org/t/p/w500/exbyTbrvRUDKN2mcNEuVor4VFQW.jpg'),(221,'Shaolin Soccer',2001,112,'HBO Max','https://image.tmdb.org/t/p/w500/ppgeawDWa4rehYYRidWCqg4kOli.jpg'),(222,'Ip Man',2008,106,'Apple TV+','https://image.tmdb.org/t/p/w500/A7vhdyGrpPMKXsuFBZzxmave94F.jpg'),(223,'Ip Man 2',2010,108,'Paramount+','https://image.tmdb.org/t/p/w500/yB5v6wRhIoZxlDvCFFCQhUNezDY.jpg'),(224,'Crouching Tiger, Hidden Dragon',2000,120,'Peacock','https://image.tmdb.org/t/p/w500/iNDVBFNz4XyYzM9Lwip6atSTFqf.jpg'),(225,'Hero (2002)',2002,99,'Netflix','https://image.tmdb.org/t/p/w500/6qxe4wa8CMsXCL4486o74H7MHCT.jpg'),(226,'House of Flying Daggers',2004,119,'Amazon Prime','https://image.tmdb.org/t/p/w500/93feGsGiCtG5ymrRcErUgBsdo6v.jpg'),(227,'The Grandmaster',2013,130,'Disney+','https://image.tmdb.org/t/p/w500/f04CCeFpOZQPKK3XJRNypXumKcL.jpg'),(228,'Police Story',1985,100,'Hulu','https://image.tmdb.org/t/p/w500/q8YfsyX59OmoSDirXT4CyThwN5f.jpg'),(229,'Drunken Master',1978,111,'HBO Max','https://image.tmdb.org/t/p/w500/cf43J2SH8tECZVl9N5n0Q6Ckche.jpg'),(230,'Enter the Dragon',1973,102,'Apple TV+','https://image.tmdb.org/t/p/w500/fyrh2ULEcmLpGTVLPQqFW45hqr5.jpg'),(231,'Fist of Fury',1972,108,'Paramount+','https://image.tmdb.org/t/p/w500/y8tJROuE4rNOosz1YZi3SID16Lh.jpg'),(232,'The Big Boss',1971,100,'Peacock','https://image.tmdb.org/t/p/w500/4RAi1Cekx9B55PnajaBjdDa3hcW.jpg'),(233,'Once Upon a Time in China',1991,134,'Netflix','https://image.tmdb.org/t/p/w500/6hSNNOwJIYkNXYjn6yhJPCd9oio.jpg'),(234,'Shaolin Temple',1982,95,'Amazon Prime','https://image.tmdb.org/t/p/w500/f6IALg4S0qujZha9xbFBLnELksZ.jpg'),(235,'Fearless (2006)',2006,103,'Disney+','None'),(236,'Red Cliff',2008,146,'Hulu','https://image.tmdb.org/t/p/w500/30ULVKdjBcQTsj2aOSThXXZNSxF.jpg'),(237,'Infernal Affairs',2002,101,'HBO Max','https://image.tmdb.org/t/p/w500/gix9thDBXfjJ8M7rYbihqbQGBcP.jpg'),(238,'Train to Busan',2016,118,'Apple TV+','https://image.tmdb.org/t/p/w500/vNVFt6dtcqnI7hqa6LFBUibuFiw.jpg'),(239,'Oldboy',2003,120,'Paramount+','https://image.tmdb.org/t/p/w500/iX93YdBrZA1EpGbphmjf4ARj1Za.jpg'),(240,'Memories of Murder',2003,132,'Peacock','https://image.tmdb.org/t/p/w500/jcgUjx1QcupGzjntTVlnQ15lHqy.jpg'),(241,'The Handmaiden',2016,145,'Netflix','https://image.tmdb.org/t/p/w500/dLlH4aNHdnmf62umnInL8xPlPzw.jpg'),(242,'I Saw the Devil',2010,144,'Amazon Prime','https://image.tmdb.org/t/p/w500/zp5NrmYp80axIGiEiYPmm1CW6uH.jpg'),(243,'A Bittersweet Life',2005,120,'Disney+','https://image.tmdb.org/t/p/w500/czoCxjadYUT2oe9cKzSnU6ZrYoI.jpg'),(244,'Mother (2009)',2009,128,'Hulu','https://image.tmdb.org/t/p/w500/8oBnSkZE6GDVugAbLPO6uJd4GcS.jpg'),(245,'Okja',2017,120,'HBO Max','https://image.tmdb.org/t/p/w500/lHBYG2NcBMW7UpFL4rSCpsgvz4m.jpg'),(246,'Snowpiercer',2013,126,'Apple TV+','https://image.tmdb.org/t/p/w500/nzccOvhrLGI0nvAknCEAk8bchD9.jpg'),(247,'Crouching Tiger, Hidden Dragon: Sword of Destiny',2016,103,'Paramount+','https://image.tmdb.org/t/p/w500/te3aeAyhkfqgpa5BSTq3oNxGqQD.jpg'),(248,'The Host',2006,119,'Peacock','https://image.tmdb.org/t/p/w500/1mfIZw6WgkCX310eoe0Ys14c3Fi.jpg'),(249,'Gonjiam: Haunted Asylum',2018,95,'Netflix','https://image.tmdb.org/t/p/w500/KPrZ8lbgbMD7gr1pkMKoNbtcCK.jpg'),(250,'Shadow (2018)',2018,116,'Amazon Prime','https://image.tmdb.org/t/p/w500/9AaaTTfwkEOOqzY2javmbXXilIO.jpg'),(251,'House of Flying Daggers (re-release)',2019,119,'Disney+','None'),(252,'The Raid: Redemption',2011,101,'Hulu','https://image.tmdb.org/t/p/w500/Abnm1Ws3JH0ReCfEhLMPwPcMcGO.jpg'),(253,'The Raid 2',2014,150,'HBO Max','https://image.tmdb.org/t/p/w500/olA39iaXISiKEkACdELgr0ZRvIF.jpg'),(254,'Princess Mononoke',1997,134,'Apple TV+','https://image.tmdb.org/t/p/w500/cMYCDADoLKLbB83g4WnJegaZimC.jpg'),(255,'Howls Moving Castle',2004,119,'Paramount+','https://image.tmdb.org/t/p/w500/23hUJh7JdO23SpgUB5oiFDQk2wX.jpg'),(256,'My Neighbor Totoro',1988,86,'Peacock','https://image.tmdb.org/t/p/w500/rtGDOeG9LzoerkDGZF9dnVeLppL.jpg'),(257,'Kikis Delivery Service',1989,103,'Netflix','https://image.tmdb.org/t/p/w500/Aufa4YdZIv4AXpR9rznwVA5SEfd.jpg'),(258,'Ponyo',2008,101,'Amazon Prime','https://image.tmdb.org/t/p/w500/yp8vEZflGynlEylxEesbYasc06i.jpg'),(259,'Castle in the Sky',1986,125,'Disney+','https://image.tmdb.org/t/p/w500/41XxSsJc5OrulP0m7TrrUeO2hoz.jpg'),(260,'Grave of the Fireflies',1988,89,'Hulu','https://image.tmdb.org/t/p/w500/im6u58cPa9HlH5DqSnZGy0O37l5.jpg'),(261,'Porco Rosso',1992,94,'HBO Max','https://image.tmdb.org/t/p/w500/8mIvSvnVBApfORL9N6S38Q7wD6A.jpg'),(262,'The Wind Rises',2013,126,'Apple TV+','https://image.tmdb.org/t/p/w500/jfwSexzlIzaOgxP9A8bTA6t8YYb.jpg'),(263,'Spirited Away (re-release)',2021,125,'Paramount+','None'),(264,'Ghost in the Shell (1995)',1995,83,'Peacock','https://image.tmdb.org/t/p/w500/9gC88zYUBARRSThcG93MvW14sqx.jpg'),(265,'Akira',1988,124,'Netflix','https://image.tmdb.org/t/p/w500/neZ0ykEsPqxamsX6o5QNUFILQrz.jpg'),(266,'Paprika',2006,90,'Amazon Prime','https://image.tmdb.org/t/p/w500/A2VdIkrwBtfbZphrzxpIvEfetjl.jpg'),(267,'Your Name',2016,106,'Disney+','None'),(268,'Weathering with You',2019,112,'Hulu','https://image.tmdb.org/t/p/w500/qgrk7r1fV4IjuoeiGS5HOhXNdLJ.jpg'),(269,'Belle (2021)',2021,121,'HBO Max','https://image.tmdb.org/t/p/w500/fYHOD4pxZQk4rsP2tQrZI5uBlZV.jpg'),(270,'Perfect Blue',1997,81,'Apple TV+','https://image.tmdb.org/t/p/w500/6WTiOCfDPP8XV4jqfloiVWf7KHq.jpg'),(271,'Tokyo Godfathers',2003,92,'Paramount+','https://image.tmdb.org/t/p/w500/sPC66btzQlzuRdPKiSDYZ5Hvxgc.jpg'),(272,'Gurren Lagann Movie: Childhoods End',2008,112,'Peacock','https://image.tmdb.org/t/p/w500/nNjFlv4mJlkGLzfnLoU68YSy9KH.jpg'),(273,'Neon Genesis Evangelion: The End of Evangelion',1997,87,'Netflix','https://image.tmdb.org/t/p/w500/j6G24dqI4WgUtChhWjfnI4lnmiK.jpg'),(274,'Evangelion: 3.0+1.0 Thrice Upon a Time',2021,155,'Amazon Prime','https://image.tmdb.org/t/p/w500/md5wZRRj8biHrGtyitgBZo7674t.jpg'),(275,'Steamboy',2004,126,'Disney+','https://image.tmdb.org/t/p/w500/5ZAq0hTiJTiQir5RtpiN8CkkzSZ.jpg'),(276,'Nausicaa of the Valley of the Wind',1984,117,'Hulu','https://image.tmdb.org/t/p/w500/tcrkfB8SRPQCgwI88hQScua6nxh.jpg'),(277,'Ghost in the Shell 2: Innocence',2004,100,'HBO Max','https://image.tmdb.org/t/p/w500/1ZJRbLDVr90KLtKdmTT4WZhT26E.jpg'),(278,'Paprika (re-release)',2015,90,'Apple TV+','None'),(279,'Cowboy Bebop: The Movie',2001,114,'Paramount+','https://image.tmdb.org/t/p/w500/34H5bsNc0EPILVr49TfOYXj50qV.jpg'),(280,'Vampire Hunter D: Bloodlust',2000,103,'Peacock','https://image.tmdb.org/t/p/w500/4hJUWgdmoFsNpzyTN6QjoZcaivO.jpg'),(281,'Ponyo (re-release)',2020,101,'Netflix','None'),(282,'Whisper of the Heart',1995,111,'Amazon Prime','https://image.tmdb.org/t/p/w500/5FROLD8zpWFs9ja7aYho1uOMJHg.jpg'),(283,'The Secret World of Arrietty',2010,94,'Disney+','https://image.tmdb.org/t/p/w500/3lSRaSjDp2nkXMQkzzjpRi3035O.jpg'),(284,'From Up on Poppy Hill',2011,91,'Hulu','https://image.tmdb.org/t/p/w500/rRLYX4RZIyloHSJwvZKAhphAjiB.jpg'),(285,'When Marnie Was There',2014,103,'HBO Max','https://image.tmdb.org/t/p/w500/vug1dvDI1tSa60Z8qjCuUE7ntkO.jpg'),(286,'The Tale of The Princess Kaguya',2013,137,'Apple TV+','https://image.tmdb.org/t/p/w500/mWRQNlWXYYfd2z4FRm99MsgHgiA.jpg'),(287,'Only Yesterday',1991,118,'Paramount+','https://image.tmdb.org/t/p/w500/rJUDRGnwuRiqYNOjHvl72TwGnTv.jpg'),(288,'Summer Wars',2009,114,'Peacock','https://image.tmdb.org/t/p/w500/yHy8TrRLnuBZ4t2C0l0pSpRXVHO.jpg'),(289,'The Boy and the Beast',2015,119,'Netflix','https://image.tmdb.org/t/p/w500/kzKJxfIdZ70nsPfKyq7hlYlJwSx.jpg'),(290,'Wolf Children',2012,117,'Amazon Prime','https://image.tmdb.org/t/p/w500/3Nllh6JgcrFdtOn6iFOWHudNInd.jpg'),(291,'Mirai',2018,98,'Disney+','https://image.tmdb.org/t/p/w500/b9XvI4Nehzi0nXyNVD6DtT39P6l.jpg'),(292,'A Silent Voice',2016,130,'Hulu','https://image.tmdb.org/t/p/w500/tuFaWiqX0TXoWu7DGNcmX3UW7sT.jpg'),(293,'Clannad The Motion Picture',2007,94,'HBO Max','https://image.tmdb.org/t/p/w500/crJYdKEriRiyimMr5TUHxNW0XP5.jpg'),(294,'Garden of Words',2013,46,'Apple TV+','https://image.tmdb.org/t/p/w500/mXUCVq3HMtS4Y9IQ8vmEOPyN0vH.jpg'),(295,'5 Centimeters per Second',2007,63,'Paramount+','https://image.tmdb.org/t/p/w500/dFipUR6W0y3PPkuVS8gjFd929m2.jpg'),(296,'Voices of a Distant Star',2002,25,'Peacock','https://image.tmdb.org/t/p/w500/mvRqW2z4iBws3CDkCNmojksyr4V.jpg'),(297,'The Place Promised in Our Early Days',2004,91,'Netflix','https://image.tmdb.org/t/p/w500/xlyJw6WmfLn378oz0ZmI0SYFoGb.jpg'),(298,'Children Who Chase Lost Voices',2011,116,'Amazon Prime','https://image.tmdb.org/t/p/w500/hWyBwsjMgtuZL2i1QBWQY0OCh0M.jpg'),(299,'Maquia: When the Promised Flower Blooms',2018,115,'Disney+','https://image.tmdb.org/t/p/w500/dtYkdgDAAMrAPm1cCW89FcqNSRq.jpg'),(300,'The Girl Who Leapt Through Time',2006,98,'Hulu','https://image.tmdb.org/t/p/w500/ryI14qHYBiEmaYs3un16RCU4GZO.jpg'),(301,'How to Train Your Dragon',2010,98,'HBO Max','https://image.tmdb.org/t/p/w500/kXj2Qrfm994yLeuADqbOieU1mUH.jpg'),(302,'How to Train Your Dragon 2',2014,102,'Apple TV+','https://image.tmdb.org/t/p/w500/d13Uj86LdbDLrfDoHR5aDOFYyJC.jpg'),(303,'Kung Fu Panda',2008,92,'Paramount+','https://image.tmdb.org/t/p/w500/wWt4JYXTg5Wr3xBW2phBrMKgp3x.jpg'),(304,'Kung Fu Panda 2',2011,90,'Peacock','https://image.tmdb.org/t/p/w500/mtqqD00vB4PGRt20gWtGqFhrkd0.jpg'),(305,'Despicable Me',2010,95,'Netflix','https://image.tmdb.org/t/p/w500/9lOloREsAhBu0pEtU0BgeR1rHyo.jpg'),(306,'Despicable Me 2',2013,98,'Amazon Prime','https://image.tmdb.org/t/p/w500/oyMPJJZoOpLHgJoFPUOn6DgkbWJ.jpg'),(307,'Minions',2015,91,'Disney+','https://image.tmdb.org/t/p/w500/dr02BdCNAUPVU07aOodwPYv6HCf.jpg'),(308,'Trolls',2016,92,'Hulu','https://image.tmdb.org/t/p/w500/9VlK2j0THZWzhQPq0W3Oc0IIdBB.jpg'),(309,'The Croods',2013,98,'HBO Max','https://image.tmdb.org/t/p/w500/27zvjVOtOi5ped1HSlJKNsKXkFH.jpg'),(310,'Megamind',2010,96,'Apple TV+','https://image.tmdb.org/t/p/w500/uZ9ytt3sPTx62XTfN56ILSuYWRe.jpg'),(311,'Monsters vs. Aliens',2009,94,'Paramount+','https://image.tmdb.org/t/p/w500/hpHarddVj34j53T7NsoUGdKj4mP.jpg'),(312,'Madagascar',2005,86,'Peacock','https://image.tmdb.org/t/p/w500/zMpJY5CJKUufG9OTw0In4eAFqPX.jpg'),(313,'Madagascar: Escape 2 Africa',2008,89,'Netflix','https://image.tmdb.org/t/p/w500/agRbLOHgN46TQO4YdKR462iR7To.jpg'),(314,'Madagascar 3: Europes Most Wanted',2012,93,'Amazon Prime','https://image.tmdb.org/t/p/w500/ekraj4ksvIKeuvQVEevEJkuybZd.jpg'),(315,'Puss in Boots',2011,90,'Disney+','https://image.tmdb.org/t/p/w500/ptvbHUWpU8Nh6vrmSvjx4ESDgfC.jpg'),(316,'Shrek',2001,90,'Hulu','https://image.tmdb.org/t/p/w500/EKERKucZeBrkrR8xLDTkr5FeDc.jpg'),(317,'Shrek 2',2004,93,'HBO Max','https://image.tmdb.org/t/p/w500/2yYP0PQjG8zVqturh1BAqu2Tixl.jpg'),(318,'Shrek the Third',2007,93,'Apple TV+','https://image.tmdb.org/t/p/w500/n4SexGGQzI26E269tfpa80MZaGV.jpg'),(319,'Shrek Forever After',2010,93,'Paramount+','https://image.tmdb.org/t/p/w500/6HrfPZtKcGmX2tUWW3cnciZTaSD.jpg'),(320,'Bee Movie',2007,91,'Peacock','https://image.tmdb.org/t/p/w500/rYBaXgvTKFS8iZC7Wr8SMomSauQ.jpg'),(321,'Sing',2016,108,'Netflix','https://image.tmdb.org/t/p/w500/zZTlF2eVVUkbdmccd3bNUU9T9sD.jpg'),(322,'Sing 2',2021,110,'Amazon Prime','https://image.tmdb.org/t/p/w500/aWeKITRFbbwY8txG5uCj4rMCfSP.jpg'),(323,'Secret Life of Pets',2016,87,'Disney+','https://image.tmdb.org/t/p/w500/5f8rTQq42nQVGGes9SCV9AnD0II.jpg'),(324,'Secret Life of Pets 2',2019,86,'Hulu','https://image.tmdb.org/t/p/w500/s9xg4V5EDKiphgIksVJ9gewBM11.jpg'),(325,'Inside Llewyn Davis',2013,104,'HBO Max','https://image.tmdb.org/t/p/w500/nNxK3pC3DMpPpWKMvo2p3liREVT.jpg'),(326,'Moon',2009,97,'Apple TV+','https://image.tmdb.org/t/p/w500/35IU0Mq0zFsN1mYwDGts5mKc77n.jpg'),(327,'Ex Machina',2014,108,'Paramount+','https://image.tmdb.org/t/p/w500/mxhr2e2Xky4cQ96NpI24xc2GUPn.jpg'),(328,'Arrival',2016,116,'Peacock','https://image.tmdb.org/t/p/w500/x2FJsf1ElAgr63Y3PNPtJrcmpoe.jpg'),(329,'Sicario',2015,121,'Netflix','https://image.tmdb.org/t/p/w500/lz8vNyXeidqqOdJW9ZjnDAMb5Vr.jpg'),(330,'Knives Out',2019,130,'Amazon Prime','https://image.tmdb.org/t/p/w500/pThyQovXQrw2m0s9x82twj48Jq4.jpg'),(331,'Jojo Rabbit',2019,108,'Disney+','https://image.tmdb.org/t/p/w500/7GsM4mtM0worCtIVeiQt28HieeN.jpg'),(332,'Ford v Ferrari',2019,152,'Hulu','https://image.tmdb.org/t/p/w500/dR1Ju50iudrOh3YgfwkAU1g2HZe.jpg'),(333,'Baby Driver',2017,113,'HBO Max','https://image.tmdb.org/t/p/w500/rmnQ9jKW72bHu8uKlMjPIb2VLMI.jpg'),(334,'Kingsman: The Secret Service',2014,129,'Apple TV+','https://image.tmdb.org/t/p/w500/r6q9wZK5a2K51KFj4LWVID6Ja1r.jpg'),(335,'The Kings Man',2021,131,'Paramount+','https://image.tmdb.org/t/p/w500/aq4Pwv5Xeuvj6HZKtxyd23e6bE9.jpg'),(336,'Kingsman: The Golden Circle',2017,141,'Peacock','https://image.tmdb.org/t/p/w500/34xBL6BXNYFqtHO9zhcgoakS4aP.jpg'),(337,'John Wick',2014,101,'Netflix','https://image.tmdb.org/t/p/w500/TxbvYS8wsgYSpYZtQLZXnoVOIQ.jpg'),(338,'John Wick: Chapter 2',2017,122,'Amazon Prime','https://image.tmdb.org/t/p/w500/hXWBc0ioZP3cN4zCu6SN3YHXZVO.jpg'),(339,'John Wick: Chapter 3  Parabellum',2019,131,'Disney+',NULL),(340,'John Wick: Chapter 4',2023,169,'Hulu','https://image.tmdb.org/t/p/w500/vZloFAK7NmvMGKE7VkF5UHaz0I.jpg'),(341,'The Matrix Reloaded',2003,138,'HBO Max','https://image.tmdb.org/t/p/w500/9TGHDvWrqKBzwDxDodHYXEmOE6J.jpg'),(342,'The Matrix Revolutions',2003,129,'Apple TV+','https://image.tmdb.org/t/p/w500/t1wm4PgOQ8e4z1C6tk1yDNrps4T.jpg'),(343,'The Matrix Resurrections',2021,148,'Paramount+','https://image.tmdb.org/t/p/w500/8c4a8kE7PizaGQQnditMmI1xbRp.jpg'),(344,'Kill Bill: Vol. 1',2003,111,'Peacock','https://image.tmdb.org/t/p/w500/v7TaX8kXMXs5yFFGR41guUDNcnB.jpg'),(345,'Kill Bill: Vol. 2',2004,137,'Netflix','https://image.tmdb.org/t/p/w500/2yhg0mZQMhDyvUQ4rG1IZ4oIA8L.jpg'),(346,'Lucy',2014,89,'Amazon Prime','https://image.tmdb.org/t/p/w500/kRbpUTRNm6QbLQFPFWUcNC4czEm.jpg'),(347,'Limitless',2011,105,'Disney+','https://image.tmdb.org/t/p/w500/kCokPP4WCQRrrAuZ7FcpIyHr8b2.jpg'),(348,'Edge of Tomorrow',2014,113,'Hulu','https://image.tmdb.org/t/p/w500/uUHvlkLavotfGsNtosDy8ShsIYF.jpg'),(349,'Oblivion',2013,124,'HBO Max','https://image.tmdb.org/t/p/w500/eO3r38fwnhb58M1YgcjQBd3VNcp.jpg'),(350,'Mission: Impossible',1996,110,'Apple TV+','https://image.tmdb.org/t/p/w500/l5uxY5m5OInWpcExIpKG6AR3rgL.jpg'),(351,'Mission: Impossible 2',2000,123,'Paramount+','https://image.tmdb.org/t/p/w500/NNxYkU70HPurnNCSiCjYAmacwm.jpg'),(352,'Mission: Impossible III',2006,126,'Peacock','https://image.tmdb.org/t/p/w500/vKGYCpmQyV9uHybWDzXuII8Los5.jpg'),(353,'Mission: Impossible  Ghost Protocol',2011,133,'Netflix',NULL),(354,'Mission: Impossible  Rogue Nation',2015,131,'Amazon Prime',NULL),(355,'Mission: Impossible  Fallout',2018,147,'Disney+',NULL),(356,'Casino Royale',2006,144,'Hulu','https://image.tmdb.org/t/p/w500/lMrxYKKhd4lqRzwUHAy5gcx9PSO.jpg'),(357,'Quantum of Solace',2008,106,'HBO Max','https://image.tmdb.org/t/p/w500/e3DXXLJHGqMx9yYpXsql1XNljmM.jpg'),(358,'Skyfall',2012,143,'Apple TV+','https://image.tmdb.org/t/p/w500/d0IVecFQvsGdSbnMAHqiYsNYaJT.jpg'),(359,'Spectre',2015,148,'Paramount+','https://image.tmdb.org/t/p/w500/aD8fQF2WFAvMMxmMHHj2RXz2hwP.jpg'),(360,'No Time to Die',2021,163,'Peacock','https://image.tmdb.org/t/p/w500/iUgygt3fscRoKWCV1d0C7FbM9TP.jpg'),(361,'GoldenEye',1995,130,'Netflix','https://image.tmdb.org/t/p/w500/z0ljRnNxIO7CRBhLEO0DvLgAFPR.jpg'),(362,'Die Another Day',2002,133,'Amazon Prime','https://image.tmdb.org/t/p/w500/bZmGqOhMhaLn8AoFMvFDct4tbrL.jpg'),(363,'Tomorrow Never Dies',1997,119,'Disney+','https://image.tmdb.org/t/p/w500/gZm002w7q9yLOkltxT76TWGfdZX.jpg'),(364,'The World Is Not Enough',1999,128,'Hulu','https://image.tmdb.org/t/p/w500/wCb2msgoZPK01WIqry24M4xsM73.jpg'),(365,'Batman (1989)',1989,126,'HBO Max','None'),(366,'Batman Returns',1992,126,'Apple TV+','https://image.tmdb.org/t/p/w500/jKBjeXM7iBBV9UkUcOXx3m7FSHY.jpg'),(367,'Batman Forever',1995,121,'Paramount+','https://image.tmdb.org/t/p/w500/i0fJS8M5UKoETjjJ0zwUiKaR8tr.jpg'),(368,'Batman and Robin',1997,125,'Peacock','https://image.tmdb.org/t/p/w500/411pEyeqP5rLS6Zc9batSRL0c8G.jpg'),(369,'Constantine',2005,121,'Netflix','https://image.tmdb.org/t/p/w500/vPYgvd2MwHlxTamAOjwVQp4qs1W.jpg'),(370,'V for Vendetta',2005,132,'Amazon Prime','https://image.tmdb.org/t/p/w500/1avD1JeaRiJX5M4ahPdZPypGoGN.jpg'),(371,'Watchmen',2009,163,'Disney+','https://image.tmdb.org/t/p/w500/aVURelN3pM56lFM7Dgfs5TixcIf.jpg'),(372,'300',2006,117,'Hulu','https://image.tmdb.org/t/p/w500/h7Lcio0c9ohxPhSZg42eTlKIVVY.jpg'),(373,'Rise of the Planet of the Apes',2011,105,'HBO Max','https://image.tmdb.org/t/p/w500/oqA45qMyyo1TtrnVEBKxqmTPhbN.jpg'),(374,'Dawn of the Planet of the Apes',2014,130,'Apple TV+','https://image.tmdb.org/t/p/w500/kScdQEwS9jPEdnO23XjGAtaoRcT.jpg'),(375,'War for the Planet of the Apes',2017,140,'Paramount+','https://image.tmdb.org/t/p/w500/mMA1qhBFgZX8O36qPPTC016kQl1.jpg'),(376,'King Kong (2005)',2005,187,'Peacock','https://image.tmdb.org/t/p/w500/6a2HY6UmD7XiDD3NokgaBAXEsD2.jpg'),(377,'Godzilla (2014)',2014,123,'Netflix','https://image.tmdb.org/t/p/w500/zokD6uxR2iWfYM3Y84yGJvnNTK7.jpg'),(378,'Kong: Skull Island',2017,118,'Amazon Prime','https://image.tmdb.org/t/p/w500/r2517Vz9EhDhj88qwbDVj8DCRZN.jpg'),(379,'Godzilla: King of the Monsters',2019,132,'Disney+','https://image.tmdb.org/t/p/w500/mzOHg7Q5q9yUmY0b9Esu8Qe6Nnm.jpg'),(380,'Godzilla vs. Kong',2021,113,'Hulu','https://image.tmdb.org/t/p/w500/pgqgaUx1cJb5oZQQ5v0tNARCeBp.jpg'),(381,'Pacific Rim',2013,131,'HBO Max','https://image.tmdb.org/t/p/w500/mmznhaQDwlHWpUwKuNxtQiubbmM.jpg'),(382,'Pacific Rim: Uprising',2018,111,'Apple TV+','https://image.tmdb.org/t/p/w500/nFWhttU8PM50t25NPdy7PE7rv3G.jpg'),(383,'Transformers',2007,144,'Paramount+','https://image.tmdb.org/t/p/w500/lkZ9gqCEjzX85lKR6Jjd1uGAXNp.jpg'),(384,'Transformers: Revenge of the Fallen',2009,150,'Peacock','https://image.tmdb.org/t/p/w500/pLBb0whOzVDtJvyD4DPeQyQNOqp.jpg'),(385,'Transformers: Dark of the Moon',2011,154,'Netflix','https://image.tmdb.org/t/p/w500/28YlCLrFhONteYSs9hKjD1Km0Cj.jpg'),(386,'Transformers: Age of Extinction',2014,165,'Amazon Prime','https://image.tmdb.org/t/p/w500/jyzrfx2WaeY60kYZpPYepSjGz4S.jpg'),(387,'Transformers: The Last Knight',2017,149,'Disney+','https://image.tmdb.org/t/p/w500/s5HQf2Gb3lIO2cRcFwNL9sn1o1o.jpg'),(388,'Bumblebee',2018,114,'Hulu','https://image.tmdb.org/t/p/w500/fw02ONlDhrYjTSZV8XO6hhU3ds3.jpg'),(389,'Fast & Furious',2009,107,'HBO Max','https://image.tmdb.org/t/p/w500/lUtVoRukW7WNtUySwd8hWlByBds.jpg'),(390,'Fast Five',2011,130,'Apple TV+','https://image.tmdb.org/t/p/w500/gEfQjjQwY7fh5bI4GlG0RrBu7Pz.jpg'),(391,'Fast & Furious 6',2013,131,'Paramount+','https://image.tmdb.org/t/p/w500/thSmnRdrzPBBospIOJjLZBReqzo.jpg'),(392,'Furious 7',2015,137,'Peacock','https://image.tmdb.org/t/p/w500/wurKlC3VKUgcfsn0K51MJYEleS2.jpg'),(393,'The Fate of the Furious',2017,136,'Netflix','https://image.tmdb.org/t/p/w500/dImWM7GJqryWJO9LHa3XQ8DD5NH.jpg'),(394,'Fast & Furious Presents: Hobbs & Shaw',2019,137,'Amazon Prime','https://image.tmdb.org/t/p/w500/qRyy2UmjC5ur9bDi3kpNNRCc5nc.jpg'),(395,'F9',2021,143,'Disney+','https://image.tmdb.org/t/p/w500/deEmLILTPejEb6OGsXRJ5MCvyDW.jpg'),(396,'Jurassic World',2015,124,'Hulu','https://image.tmdb.org/t/p/w500/rhr4y79GpxQF9IsfJItRXVaoGs4.jpg'),(397,'Jurassic World: Fallen Kingdom',2018,128,'HBO Max','https://image.tmdb.org/t/p/w500/270MrJNqJovumHXGE6SSt0zwUIF.jpg'),(398,'Jurassic World Dominion',2022,146,'Apple TV+','https://image.tmdb.org/t/p/w500/jbAvCACjLf1ZG0unB2tdmx5HAf1.jpg'),(399,'Harry Potter and the Philosophers Stone',2001,152,'Paramount+','https://image.tmdb.org/t/p/w500/wuMc08IPKEatf9rnMNXvIDxqP4W.jpg'),(400,'Harry Potter and the Chamber of Secrets',2002,161,'Peacock','https://image.tmdb.org/t/p/w500/sdEOH0992YZ0QSxgXNIGLq1ToUi.jpg'),(401,'Harry Potter and the Prisoner of Azkaban',2004,142,'Netflix','https://image.tmdb.org/t/p/w500/aWxwnYoe8p2d2fcxOqtvAtJ72Rw.jpg'),(402,'Harry Potter and the Goblet of Fire',2005,157,'Amazon Prime','https://image.tmdb.org/t/p/w500/fECBtHlr0RB3foNHDiCBXeg9Bv9.jpg'),(403,'Harry Potter and the Order of the Phoenix',2007,138,'Disney+','https://image.tmdb.org/t/p/w500/5aOyriWkPec0zUDxmHFP9qMmBaj.jpg'),(404,'Harry Potter and the Half-Blood Prince',2009,153,'Hulu','https://image.tmdb.org/t/p/w500/z7uo9zmQdQwU5ZJHFpv2Upl30i1.jpg'),(405,'Harry Potter and the Deathly Hallows  Part 1',2010,146,'HBO Max',NULL),(406,'Harry Potter and the Deathly Hallows  Part 2',2011,130,'Apple TV+',NULL),(407,'Fantastic Beasts and Where to Find Them',2016,133,'Paramount+','https://image.tmdb.org/t/p/w500/fLsaFKExQt05yqjoAvKsmOMYvJR.jpg'),(408,'Fantastic Beasts: The Crimes of Grindelwald',2018,134,'Peacock','https://image.tmdb.org/t/p/w500/fMMrl8fD9gRCFJvsx0SuFwkEOop.jpg'),(409,'Fantastic Beasts: The Secrets of Dumbledore',2022,142,'Netflix','https://image.tmdb.org/t/p/w500/3c5GNLB4yRSLBby0trHoA1DSQxQ.jpg'),(410,'Pirates of the Caribbean: The Curse of the Black Pearl',2003,143,'Amazon Prime','https://image.tmdb.org/t/p/w500/z8onk7LV9Mmw6zKz4hT6pzzvmvl.jpg'),(411,'Pirates of the Caribbean: Dead Mans Chest',2006,151,'Disney+','https://image.tmdb.org/t/p/w500/lAhcKRt0ggTFkeFL95jrGQYaRXs.jpg'),(412,'Pirates of the Caribbean: At Worlds End',2007,169,'Hulu','https://image.tmdb.org/t/p/w500/jGWpG4YhpQwVmjyHEGkxEkeRf0S.jpg'),(413,'Pirates of the Caribbean: On Stranger Tides',2011,136,'HBO Max','https://image.tmdb.org/t/p/w500/keGfSvCmYj7CvdRx36OdVrAEibE.jpg'),(414,'Pirates of the Caribbean: Dead Men Tell No Tales',2017,129,'Apple TV+','https://image.tmdb.org/t/p/w500/qwoGfcg6YUS55nUweKGujHE54Wy.jpg'),(415,'The Chronicles of Narnia: The Lion, the Witch and the Wardrobe',2005,143,'Paramount+','https://image.tmdb.org/t/p/w500/iREd0rNCjYdf5Ar0vfaW32yrkm.jpg'),(416,'The Chronicles of Narnia: Prince Caspian',2008,150,'Peacock','https://image.tmdb.org/t/p/w500/qxz3WIyjZiSKUhaTIEJ3c1GcC9z.jpg'),(417,'The Chronicles of Narnia: The Voyage of the Dawn Treader',2010,113,'Netflix','https://image.tmdb.org/t/p/w500/pP27zlm9yeKrCeDZLFLP2HKELot.jpg'),(418,'The Hunger Games',2012,142,'Amazon Prime','https://image.tmdb.org/t/p/w500/yXCbOiVDCxO71zI7cuwBRXdftq8.jpg'),(419,'The Hunger Games: Catching Fire',2013,146,'Disney+','https://image.tmdb.org/t/p/w500/qdXXEFGuLLfMWa1DGEkWFUo8Zwd.jpg'),(420,'The Hunger Games: Mockingjay  Part 1',2014,123,'Hulu',NULL),(421,'The Hunger Games: Mockingjay  Part 2',2015,137,'HBO Max',NULL),(422,'Divergent',2014,139,'Apple TV+','https://image.tmdb.org/t/p/w500/aNh4Q3iuPKDMPi2SL7GgOpiLukX.jpg'),(423,'The Divergent Series: Insurgent',2015,119,'Paramount+','https://image.tmdb.org/t/p/w500/dP5Fb6YRfzmCQtRbHOr2kO7tJW9.jpg'),(424,'The Divergent Series: Allegiant',2016,120,'Peacock','https://image.tmdb.org/t/p/w500/aSsOFs0O84HKmYtgGGbmzjLOBrJ.jpg'),(425,'Twilight',2008,122,'Netflix','https://image.tmdb.org/t/p/w500/3Gkb6jm6962ADUPaCBqzz9CTbn9.jpg'),(426,'The Twilight Saga: New Moon',2009,130,'Amazon Prime','https://image.tmdb.org/t/p/w500/k2qTooPlHffgNABNWxeJdGMglPK.jpg'),(427,'The Twilight Saga: Eclipse',2010,124,'Disney+','https://image.tmdb.org/t/p/w500/3mFM80dPzSqoXXuC2UMvLIRWX32.jpg'),(428,'The Twilight Saga: Breaking Dawn  Part 1',2011,117,'Hulu',NULL),(429,'The Twilight Saga: Breaking Dawn  Part 2',2012,115,'HBO Max',NULL),(430,'The Maze Runner',2014,113,'Apple TV+','https://image.tmdb.org/t/p/w500/ode14q7WtDugFDp78fo9lCsmay9.jpg'),(431,'Maze Runner: The Scorch Trials',2015,131,'Paramount+','https://image.tmdb.org/t/p/w500/mYw7ZyejqSCPFlrT2jHZOESZDU3.jpg'),(432,'Maze Runner: The Death Cure',2018,142,'Peacock','https://image.tmdb.org/t/p/w500/drbERzlA4cuRWhsTXfFOY4mRR4f.jpg'),(433,'Ready Player One',2018,140,'Netflix','https://image.tmdb.org/t/p/w500/pU1ULUq8D3iRxl1fdX2lZIzdHuI.jpg'),(434,'Willy Wonka & the Chocolate Factory',1971,100,'Amazon Prime','https://image.tmdb.org/t/p/w500/nxzZeGmE456c5ujVrkV2B42mmD4.jpg'),(435,'Charlie and the Chocolate Factory',2005,115,'Disney+','https://image.tmdb.org/t/p/w500/iKP6wg3c6COUe8gYutoGG7qcPnO.jpg'),(436,'The BFG',2016,117,'Hulu','https://image.tmdb.org/t/p/w500/aoSeqVvzvu7gBkPRvlONOrMXo6G.jpg'),(437,'Matilda',1996,98,'HBO Max','https://image.tmdb.org/t/p/w500/wYoDpWInsBEVSmWStnRH06ddoyk.jpg'),(438,'Home Alone',1990,103,'Apple TV+','https://image.tmdb.org/t/p/w500/qRktvMOO2QaCL7gvNyvZDoxPOZj.jpg'),(439,'Home Alone 2: Lost in New York',1992,120,'Paramount+','https://image.tmdb.org/t/p/w500/uuitWHpJwxD1wruFl2nZHIb4UGN.jpg'),(440,'Die Hard 2',1990,124,'Peacock','https://image.tmdb.org/t/p/w500/lDFO7D4MdbhjOwaPwe18QG69Rt0.jpg'),(441,'Die Hard with a Vengeance',1995,128,'Netflix','https://image.tmdb.org/t/p/w500/amwo4CjYKynZ2yKvKMxoiRSsaE1.jpg'),(442,'Live Free or Die Hard',2007,129,'Amazon Prime','https://image.tmdb.org/t/p/w500/wplG0vWnpnzkIBDxBhTfIygqfoK.jpg'),(443,'A Good Day to Die Hard',2013,98,'Disney+','https://image.tmdb.org/t/p/w500/qJ0csDXAVFMsNn0cRcjy6W6PxAK.jpg'),(444,'Requiem for a Dream',2000,102,'Hulu','https://image.tmdb.org/t/p/w500/nOd6vjEmzCT0k4VYqsA2hwyi87C.jpg'),(445,'Black Swan',2010,108,'HBO Max','https://image.tmdb.org/t/p/w500/viWheBd44bouiLCHgNMvahLThqx.jpg'),(446,'The Wrestler',2008,109,'Apple TV+','https://image.tmdb.org/t/p/w500/6OTR8dSoNGjWohJNo3UhIGd3Tj.jpg'),(447,'Pi',1998,84,'Paramount+','https://image.tmdb.org/t/p/w500/fJA22FjlAW8rzrOw9Mwanl6oTc9.jpg'),(448,'The Fountain',2006,96,'Peacock','https://image.tmdb.org/t/p/w500/bKAm43b487StTXFgNIiin7EBEMN.jpg'),(449,'Scarface (re-release)',2020,170,'Netflix','None'),(450,'Once Upon a Time in the West',1968,165,'Amazon Prime','https://image.tmdb.org/t/p/w500/qbYgqOczabWNn2XKwgMtVrntD6P.jpg'),(451,'The Magnificent Seven',1960,128,'Disney+','https://image.tmdb.org/t/p/w500/ezcS78TIjgr85pVdaPDd2rSPVNs.jpg'),(452,'Butch Cassidy and the Sundance Kid',1969,110,'Hulu','https://image.tmdb.org/t/p/w500/gFmmykF1Ym3OGzENo50nZQaD1dx.jpg'),(453,'True Grit (1969)',1969,128,'HBO Max','https://image.tmdb.org/t/p/w500/lmexRC57l39elaIcnxhaHpcaIW2.jpg'),(454,'True Grit (2010)',2010,110,'Apple TV+','None'),(455,'The Hateful Eight',2015,168,'Paramount+','https://image.tmdb.org/t/p/w500/jIywvdPjia2t3eKYbjVTcwBQlG8.jpg'),(456,'Once Upon a Time in Hollywood',2019,161,'Peacock','https://image.tmdb.org/t/p/w500/8j58iEBw9pOXFD2L0nt0ZXeHviB.jpg'),(457,'Birds of Prey (re-release)',2023,109,'Netflix','None'),(458,'Fury',2014,134,'Amazon Prime','https://image.tmdb.org/t/p/w500/pfte7wdMobMF4CVHuOxyu6oqeeA.jpg'),(459,'1917',2019,119,'Disney+','https://image.tmdb.org/t/p/w500/iZf0KyrE25z1sage4SYFLCCrMi9.jpg'),(460,'Dunkirk',2017,106,'Hulu','https://image.tmdb.org/t/p/w500/357BscJA1gDEOzRuTeHnHmVBi7u.jpg'),(461,'The Imitation Game',2014,114,'HBO Max','https://image.tmdb.org/t/p/w500/zSqJ1qFq8NXFfi7JeIYMlzyR0dx.jpg'),(462,'The Theory of Everything',2014,123,'Apple TV+','https://image.tmdb.org/t/p/w500/kJuL37NTE51zVP3eG5aGMyKAIlh.jpg'),(463,'Bohemian Rhapsody',2018,134,'Paramount+','https://image.tmdb.org/t/p/w500/lHu1wtNaczFPGFDTrjCSzeLPTKN.jpg'),(464,'Rocketman',2019,121,'Peacock','https://image.tmdb.org/t/p/w500/laNJKezXJcWBZbKQFCtCAUl75fV.jpg'),(465,'The Greatest Showman',2017,105,'Netflix','https://image.tmdb.org/t/p/w500/b9CeobiihCx1uG1tpw8hXmpi7nm.jpg'),(466,'Mamma Mia!',2008,108,'Amazon Prime','https://image.tmdb.org/t/p/w500/zdUA4FNHbXPadzVOJiU0Rgn6cHR.jpg'),(467,'Mamma Mia! Here We Go Again',2018,114,'Disney+','https://image.tmdb.org/t/p/w500/aWicerX4Y7n7tUwRAVHsVcBBpj2.jpg'),(468,'Shrek the Halls',2007,22,'Hulu','https://image.tmdb.org/t/p/w500/xejoSLtxLNkglY5YkojlOkMHz3u.jpg'),(469,'Scared Shrekless',2010,21,'HBO Max','https://image.tmdb.org/t/p/w500/aAQQJhX8NqKZ7ZNDUPQQKi1wK8h.jpg'),(470,'Penguins of Madagascar',2014,92,'Apple TV+','https://image.tmdb.org/t/p/w500/gbrNsZ1dOK789NwWPyC0SuEABgr.jpg'),(471,'Big Hero 6',2014,102,'Paramount+','https://image.tmdb.org/t/p/w500/2mxS4wUimwlLmI1xp6QW6NSU361.jpg'),(472,'Ralph Breaks the Internet',2018,112,'Peacock','https://image.tmdb.org/t/p/w500/iVCrhBcpDaHGvv7CLYbK6PuXZo1.jpg'),(473,'Wreck-It Ralph',2012,101,'Netflix','https://image.tmdb.org/t/p/w500/zWoIgZ7mgmPkaZjG0102BSKFIqQ.jpg'),(474,'Lilo & Stitch',2002,85,'Amazon Prime','https://image.tmdb.org/t/p/w500/d73UqZWyw3MUMpeaFcENgLZ2kWS.jpg'),(475,'Treasure Planet',2002,95,'Disney+','https://image.tmdb.org/t/p/w500/zMKatZ0c0NCoKzfizaCzVUcbKMf.jpg'),(476,'Atlantis: The Lost Empire',2001,96,'Hulu','https://image.tmdb.org/t/p/w500/8fUEFPUTF7kBMuKPiSQHxPvd8EZ.jpg'),(477,'Tarzan',1999,88,'HBO Max','https://image.tmdb.org/t/p/w500/wIg7TclH6PUcvTWFh0QdtU5Wcvt.jpg'),(478,'The Hunchback of Notre Dame',1996,91,'Apple TV+','https://image.tmdb.org/t/p/w500/3oheTQrTuqS1jPUW6GOc65ZbM5u.jpg'),(479,'Hercules (1997)',1997,93,'Paramount+','None'),(480,'Pocahontas',1995,81,'Peacock','https://image.tmdb.org/t/p/w500/wpwFGXyvNAWrM6LCHUb2VUgkopw.jpg'),(481,'Mulan (1998)',1998,88,'Netflix','https://image.tmdb.org/t/p/w500/bj3iSjLlkwHtJrPmvHXa8P7edI9.jpg'),(482,'Aladdin (1992)',1992,90,'Amazon Prime','https://image.tmdb.org/t/p/w500/eLFfl7vS8dkeG1hKp5mwbm37V83.jpg'),(483,'The Little Mermaid (re-release)',2023,83,'Disney+','None'),(484,'Planes',2013,92,'Hulu','https://image.tmdb.org/t/p/w500/i2xgU0y0p77WTrB0oIkbpdaWq8R.jpg'),(485,'Cars',2006,117,'HBO Max','https://image.tmdb.org/t/p/w500/2Touk3m5gzsqr1VsvxypdyHY5ci.jpg'),(486,'Cars 2',2011,106,'Apple TV+','https://image.tmdb.org/t/p/w500/okIz1HyxeVOMzYwwHUjH2pHi74I.jpg'),(487,'Cars 3',2017,102,'Paramount+','https://image.tmdb.org/t/p/w500/fyy1nDC8wm553FCiBDojkJmKLCs.jpg'),(488,'Planes: Fire & Rescue',2014,83,'Peacock','https://image.tmdb.org/t/p/w500/pOmteFeBDI9FJOPTDvYJYFeAtdp.jpg'),(489,'Monsters University',2013,104,'Netflix','https://image.tmdb.org/t/p/w500/y7thwJ7z5Bplv6vwl6RI0yteaDD.jpg'),(490,'Big Fish',2003,125,'Amazon Prime','https://image.tmdb.org/t/p/w500/tjK063yCgaBAluVU72rZ6PKPH2l.jpg'),(491,'Corpse Bride',2005,77,'Disney+','https://image.tmdb.org/t/p/w500/isb2Qow76GpqYmsSyfdMfsYAjts.jpg'),(492,'Frankenweenie',2012,87,'Hulu','https://image.tmdb.org/t/p/w500/yGjVbLVdZRBlZTTQVBsj2KUjL1s.jpg'),(493,'Alice Through the Looking Glass',2016,113,'HBO Max','https://image.tmdb.org/t/p/w500/4g043PWVXkjHkxEEsEfwuAxlM8i.jpg'),(494,'Oz the Great and Powerful',2013,130,'Apple TV+','https://image.tmdb.org/t/p/w500/tkzfAUEKoUp4YFNbZV9hfpZOz0z.jpg'),(495,'Tangled Ever After',2012,6,'Paramount+','https://image.tmdb.org/t/p/w500/ak5SCuJbdf8G4NbQ1KIUHjplrF1.jpg'),(496,'Frozen Fever',2015,8,'Peacock','https://image.tmdb.org/t/p/w500/mPrDJ7puYzPLG5kPM96iNszF2sM.jpg'),(497,'Olafs Frozen Adventure',2017,21,'Netflix','https://image.tmdb.org/t/p/w500/As8WTtxXs9e3cBit3ztTf7zoRmm.jpg'),(498,'Moana (Sing-Along)',2017,107,'Amazon Prime','None'),(499,'Beauty and the Beast (1991)',1991,84,'Disney+','https://image.tmdb.org/t/p/w500/hUJ0UvQ5tgE2Z9WpfuduVSdiCiU.jpg'),(500,'Avengers: Age of Ultron',2015,141,'Hulu','https://image.tmdb.org/t/p/w500/4ssDuvEDkSArWEdyBl2X5EHvYKU.jpg'),(501,'Captain America: Brave New World',2025,118,'Amazon Prime','https://snworksceo.imgix.net/rce/e72a581c-12cb-4e03-ae93-a1ebcb7d07fa.sized-1000x1000.jpg'),(502,'The Electric State',2025,128,'Netflix','https://snworksceo.imgix.net/emu/e5a77be9-5600-4fe8-90a8-a23836539d04.sized-1000x1000.jpg'),(503,'The Parenting',2025,90,'Amazon Prime','https://image.tmdb.org/t/p/w600_and_h900_bestv2/vLaOSlznbbKTXwtWaxYJZwPz8iN.jpg'),(504,'Wolf Man',2025,103,'Amazon Prime','https://www.themoviedb.org/t/p/w1280/wpSDzTBfF0Eeo5lzu2w9FTujGqd.jpg'),(123456,'Fight Club',1999,139,'Netflix','https://image.tmdb.org/t/p/w500/pB8BM7pdSp6B6Ih7QZ4DrQ3PmJK.jpg'),(234567,'Hangover',2009,100,'HBO','https://image.tmdb.org/t/p/w500/A0uS9rHR56FeBtpjVki16M5xxSW.jpg'),(345678,'The Conjuring',2013,112,'Amazon Prime','https://image.tmdb.org/t/p/w500/wVYREutTvI2tmxr6ujrHT704wGF.jpg'),(456789,'Insidious: The Last Key',2018,103,'Hulu','https://image.tmdb.org/t/p/w500/nb9fc9INMg8kQ8L7sE7XTNsZnUX.jpg'),(456790,'ABC',1990,145,'HBO Max','https://image.tmdb.org/t/p/w500/3bhkrj58Vtu7enYsRolD1fZdja1.jpg'),(456791,'Deadpool',2016,108,'Disney+','https://image.tmdb.org/t/p/original/3E53WEZJqP6aM84D8CckXx4pIHw.jpg'),(456792,'Carol',2015,118,'Netflix','https://www.themoviedb.org/t/p/w1280/cJeled7EyPdur6TnCA5GYg0UVna.jpg'),(456793,'deadpool 2',2018,156,'Disney+','https://image.tmdb.org/t/p/original/3E53WEZJqP6aM84D8CckXx4pIHw.jpg');
/*!40000 ALTER TABLE `Movies` ENABLE KEYS */;
UNLOCK TABLES;

--
-- Table structure for table `PartOf`
--

DROP TABLE IF EXISTS `PartOf`;
/*!40101 SET @saved_cs_client     = @@character_set_client */;
/*!50503 SET character_set_client = utf8mb4 */;
CREATE TABLE `PartOf` (
  `id` int NOT NULL AUTO_INCREMENT,
  `CrewID` int NOT NULL,
  `MovieID` int NOT NULL,
  `Role` enum('Actor','Director') NOT NULL,
  PRIMARY KEY (`id`),
  UNIQUE KEY `unique_partof` (`CrewID`,`MovieID`,`Role`),
  UNIQUE KEY `uq_partOf` (`CrewID`,`MovieID`,`Role`),
  KEY `MovieID` (`MovieID`),
  CONSTRAINT `partof_ibfk_1` FOREIGN KEY (`CrewID`) REFERENCES `FilmCrew` (`CrewID`) ON DELETE CASCADE ON UPDATE CASCADE,
  CONSTRAINT `partof_ibfk_2` FOREIGN KEY (`MovieID`) REFERENCES `Movies` (`MovieID`) ON DELETE CASCADE ON UPDATE CASCADE
) ENGINE=InnoDB AUTO_INCREMENT=536 DEFAULT CHARSET=utf8mb4 COLLATE=utf8mb4_0900_ai_ci;
/*!40101 SET character_set_client = @saved_cs_client */;

--
-- Dumping data for table `PartOf`
--

LOCK TABLES `PartOf` WRITE;
/*!40000 ALTER TABLE `PartOf` DISABLE KEYS */;
INSERT INTO `PartOf` VALUES (241,1,74,'Actor'),(341,1,75,'Actor'),(295,1,76,'Actor'),(188,1,77,'Actor'),(81,1,78,'Actor'),(279,1,85,'Actor'),(311,1,104,'Actor'),(166,1,494,'Actor'),(21,2,74,'Actor'),(342,2,75,'Actor'),(307,2,76,'Actor'),(151,2,77,'Actor'),(55,2,330,'Actor'),(133,2,494,'Actor'),(196,4,74,'Actor'),(326,4,75,'Actor'),(303,4,76,'Actor'),(301,4,80,'Actor'),(134,4,494,'Actor'),(242,5,74,'Actor'),(17,5,75,'Actor'),(97,5,76,'Actor'),(153,5,80,'Actor'),(19,5,104,'Actor'),(299,5,494,'Actor'),(273,6,75,'Actor'),(271,6,85,'Actor'),(272,7,75,'Actor'),(327,7,76,'Actor'),(53,7,80,'Actor'),(225,7,82,'Actor'),(260,7,464,'Actor'),(54,8,91,'Actor'),(20,8,309,'Actor'),(530,8,456791,'Actor'),(534,8,456793,'Actor'),(211,9,58,'Actor'),(25,9,88,'Actor'),(276,9,89,'Actor'),(343,9,91,'Actor'),(298,9,442,'Actor'),(92,9,459,'Actor'),(6,12,13,'Actor'),(58,12,58,'Actor'),(217,12,68,'Actor'),(144,12,69,'Actor'),(10,12,474,'Actor'),(219,13,31,'Actor'),(68,13,70,'Actor'),(199,13,72,'Actor'),(57,13,73,'Actor'),(130,13,102,'Actor'),(198,13,113,'Actor'),(212,13,156,'Actor'),(125,13,450,'Actor'),(118,14,105,'Actor'),(87,14,310,'Actor'),(191,14,450,'Actor'),(113,14,452,'Actor'),(12,14,123456,'Actor'),(120,17,33,'Actor'),(337,17,120,'Actor'),(51,17,337,'Actor'),(289,17,340,'Actor'),(194,17,341,'Actor'),(309,17,342,'Actor'),(88,17,343,'Actor'),(239,17,369,'Actor'),(297,18,21,'Actor'),(139,18,102,'Actor'),(135,18,216,'Actor'),(243,18,258,'Actor'),(65,20,125,'Actor'),(204,20,214,'Actor'),(319,20,390,'Actor'),(281,20,392,'Actor'),(285,20,393,'Actor'),(237,21,21,'Actor'),(34,21,81,'Actor'),(73,21,389,'Actor'),(291,21,390,'Actor'),(280,21,392,'Actor'),(308,21,393,'Actor'),(290,22,207,'Actor'),(336,22,210,'Actor'),(322,24,81,'Actor'),(106,24,397,'Actor'),(98,24,398,'Actor'),(83,24,445,'Actor'),(517,24,502,'Actor'),(315,25,419,'Actor'),(334,25,421,'Actor'),(14,27,23,'Actor'),(221,27,202,'Actor'),(287,29,67,'Actor'),(136,29,209,'Actor'),(15,30,79,'Actor'),(61,31,203,'Actor'),(131,31,348,'Actor'),(46,31,349,'Actor'),(181,31,350,'Actor'),(154,31,355,'Actor'),(262,32,205,'Actor'),(141,32,206,'Actor'),(268,32,207,'Actor'),(235,32,355,'Actor'),(179,35,61,'Actor'),(167,35,150,'Actor'),(5,38,2,'Actor'),(8,38,13,'Actor'),(31,38,69,'Actor'),(216,38,105,'Actor'),(78,38,155,'Actor'),(104,38,346,'Actor'),(220,38,349,'Actor'),(158,39,27,'Actor'),(117,39,56,'Actor'),(16,39,70,'Actor'),(138,39,93,'Actor'),(11,39,94,'Actor'),(28,39,116,'Actor'),(223,39,117,'Actor'),(69,39,334,'Actor'),(123,39,378,'Actor'),(150,39,449,'Actor'),(300,39,494,'Actor'),(38,40,36,'Actor'),(116,40,37,'Actor'),(27,40,41,'Actor'),(182,40,48,'Actor'),(172,40,60,'Actor'),(178,40,61,'Actor'),(230,40,65,'Actor'),(137,40,66,'Actor'),(226,40,96,'Actor'),(164,40,111,'Actor'),(171,40,218,'Actor'),(155,40,324,'Actor'),(514,40,501,'Actor'),(306,43,400,'Actor'),(238,44,400,'Actor'),(254,46,64,'Actor'),(267,46,138,'Actor'),(7,47,13,'Actor'),(174,47,68,'Actor'),(318,47,69,'Actor'),(208,47,99,'Actor'),(89,47,304,'Actor'),(62,47,374,'Actor'),(2,48,3,'Actor'),(60,48,358,'Actor'),(292,48,359,'Actor'),(261,48,360,'Actor'),(22,50,138,'Actor'),(253,50,402,'Actor'),(64,50,404,'Actor'),(29,50,429,'Actor'),(42,50,485,'Actor'),(149,50,487,'Actor'),(333,51,404,'Actor'),(66,54,412,'Actor'),(147,54,414,'Actor'),(111,54,415,'Actor'),(146,55,412,'Actor'),(48,55,414,'Actor'),(49,55,415,'Actor'),(162,56,177,'Actor'),(233,56,180,'Actor'),(43,56,181,'Actor'),(206,56,182,'Actor'),(317,57,159,'Actor'),(148,57,160,'Actor'),(37,57,161,'Actor'),(332,57,162,'Actor'),(185,57,176,'Actor'),(316,57,187,'Actor'),(325,58,174,'Actor'),(266,58,181,'Actor'),(177,59,175,'Actor'),(184,59,180,'Actor'),(50,60,179,'Actor'),(234,60,189,'Actor'),(215,64,172,'Actor'),(59,64,199,'Actor'),(205,66,165,'Actor'),(274,66,196,'Actor'),(329,68,168,'Actor'),(142,68,169,'Actor'),(247,69,166,'Actor'),(246,69,194,'Actor'),(522,71,456790,'Actor'),(95,75,174,'Actor'),(169,76,196,'Actor'),(91,85,281,'Actor'),(3,89,3,'Actor'),(114,89,137,'Actor'),(532,89,456792,'Actor'),(32,90,31,'Actor'),(100,90,68,'Actor'),(277,90,377,'Actor'),(124,90,379,'Actor'),(24,91,360,'Actor'),(47,91,457,'Actor'),(36,94,76,'Actor'),(122,95,74,'Actor'),(105,95,76,'Actor'),(324,95,77,'Actor'),(323,95,328,'Actor'),(75,95,494,'Actor'),(35,96,77,'Actor'),(214,96,216,'Actor'),(288,96,439,'Actor'),(189,97,77,'Actor'),(67,97,111,'Actor'),(513,97,501,'Actor'),(302,98,75,'Actor'),(77,98,76,'Actor'),(282,98,77,'Actor'),(252,98,494,'Actor'),(278,99,61,'Actor'),(338,99,81,'Actor'),(33,99,202,'Actor'),(112,99,359,'Actor'),(4,101,3,'Director'),(127,101,21,'Director'),(265,101,41,'Director'),(286,101,42,'Director'),(115,101,43,'Director'),(275,101,56,'Director'),(192,101,65,'Director'),(39,101,66,'Director'),(283,101,149,'Director'),(23,101,427,'Director'),(190,101,430,'Director'),(9,102,13,'Director'),(175,102,23,'Director'),(145,102,31,'Director'),(195,102,58,'Director'),(256,102,59,'Director'),(109,102,68,'Director'),(90,102,69,'Director'),(248,102,454,'Director'),(1,103,4,'Director'),(56,103,32,'Director'),(156,103,51,'Director'),(313,103,72,'Director'),(163,103,102,'Director'),(312,103,113,'Director'),(231,104,27,'Director'),(82,104,70,'Director'),(330,104,110,'Actor'),(331,104,110,'Director'),(52,104,449,'Director'),(72,104,450,'Director'),(249,105,38,'Director'),(305,105,40,'Director'),(126,105,73,'Director'),(157,106,39,'Director'),(229,106,60,'Director'),(129,106,67,'Director'),(110,106,215,'Director'),(294,106,216,'Director'),(228,106,218,'Director'),(210,107,376,'Director'),(250,108,92,'Director'),(128,108,93,'Director'),(183,108,94,'Director'),(176,109,138,'Director'),(264,109,141,'Director'),(255,109,366,'Director'),(80,109,429,'Director'),(224,109,484,'Director'),(119,109,485,'Director'),(531,109,456791,'Director'),(269,110,103,'Director'),(121,110,104,'Director'),(207,110,105,'Director'),(160,110,123456,'Director'),(93,111,61,'Director'),(244,111,202,'Director'),(213,111,328,'Director'),(293,111,329,'Director'),(173,112,219,'Director'),(74,112,381,'Director'),(165,113,217,'Director'),(270,114,156,'Director'),(187,114,157,'Director'),(218,118,208,'Director'),(222,119,80,'Director'),(339,119,331,'Actor'),(340,119,331,'Director'),(533,119,456792,'Director'),(71,120,24,'Director'),(108,120,240,'Director'),(284,120,245,'Director'),(140,120,248,'Director'),(523,120,456790,'Director'),(240,121,239,'Director'),(310,122,25,'Director'),(159,122,254,'Director'),(18,122,255,'Director'),(193,122,256,'Director'),(197,122,258,'Director'),(103,122,262,'Director'),(107,123,267,'Director'),(63,123,294,'Director'),(86,123,297,'Director'),(335,124,288,'Director'),(328,127,131,'Director'),(40,129,155,'Actor'),(41,129,155,'Director'),(321,131,120,'Actor'),(79,133,33,'Director'),(99,133,341,'Director'),(257,133,342,'Director'),(314,133,343,'Director'),(232,134,33,'Director'),(13,134,341,'Director'),(258,134,342,'Director'),(245,135,96,'Director'),(186,135,98,'Director'),(202,136,374,'Director'),(70,136,375,'Director'),(320,137,79,'Director'),(102,138,72,'Actor'),(44,138,78,'Director'),(132,138,85,'Actor'),(296,138,91,'Actor'),(101,138,113,'Actor'),(76,138,137,'Director'),(96,139,75,'Director'),(304,139,76,'Director'),(152,139,77,'Director'),(515,139,502,'Director'),(168,140,75,'Director'),(180,140,76,'Director'),(263,140,77,'Director'),(516,140,502,'Director'),(535,140,456793,'Director'),(203,141,205,'Director'),(30,141,206,'Director'),(143,141,207,'Director'),(251,141,371,'Director'),(259,141,372,'Director'),(85,142,166,'Director'),(84,142,194,'Director'),(236,143,168,'Director'),(45,143,169,'Director'),(201,144,159,'Director'),(94,144,160,'Director'),(200,144,187,'Director'),(209,148,180,'Director'),(161,148,181,'Director'),(227,149,178,'Director'),(170,150,350,'Director'),(26,150,355,'Director'),(512,151,501,'Director'),(518,152,503,'Director'),(519,153,503,'Actor'),(520,154,504,'Director'),(521,155,504,'Actor');
/*!40000 ALTER TABLE `PartOf` ENABLE KEYS */;
UNLOCK TABLES;

--
-- Table structure for table `ReviewModeration`
--

DROP TABLE IF EXISTS `ReviewModeration`;
/*!40101 SET @saved_cs_client     = @@character_set_client */;
/*!50503 SET character_set_client = utf8mb4 */;
CREATE TABLE `ReviewModeration` (
  `id` int NOT NULL AUTO_INCREMENT,
  `UserID` int NOT NULL,
  `MovieID` int NOT NULL,
  `AdminID` int NOT NULL,
  PRIMARY KEY (`id`),
  UNIQUE KEY `unique_review_mod` (`UserID`,`MovieID`,`AdminID`),
  UNIQUE KEY `uq_reviewmod` (`UserID`,`MovieID`,`AdminID`),
  KEY `AdminID` (`AdminID`),
  CONSTRAINT `reviewmoderation_ibfk_1` FOREIGN KEY (`UserID`, `MovieID`) REFERENCES `Reviews` (`UserID`, `MovieID`) ON DELETE CASCADE ON UPDATE CASCADE,
  CONSTRAINT `reviewmoderation_ibfk_2` FOREIGN KEY (`AdminID`) REFERENCES `Admins` (`AdminID`) ON DELETE CASCADE ON UPDATE CASCADE
) ENGINE=InnoDB AUTO_INCREMENT=4 DEFAULT CHARSET=utf8mb4 COLLATE=utf8mb4_0900_ai_ci;
/*!40101 SET character_set_client = @saved_cs_client */;

--
-- Dumping data for table `ReviewModeration`
--

LOCK TABLES `ReviewModeration` WRITE;
/*!40000 ALTER TABLE `ReviewModeration` DISABLE KEYS */;
INSERT INTO `ReviewModeration` VALUES (2,19,285,2),(1,19,351,2);
/*!40000 ALTER TABLE `ReviewModeration` ENABLE KEYS */;
UNLOCK TABLES;

--
-- Table structure for table `Reviews`
--

DROP TABLE IF EXISTS `Reviews`;
/*!40101 SET @saved_cs_client     = @@character_set_client */;
/*!50503 SET character_set_client = utf8mb4 */;
CREATE TABLE `Reviews` (
  `id` int NOT NULL AUTO_INCREMENT,
  `UserID` int NOT NULL,
  `MovieID` int NOT NULL,
  `Content` varchar(100) DEFAULT NULL,
  `Rating` int DEFAULT NULL,
  `ReviewDate` date DEFAULT NULL,
  PRIMARY KEY (`id`),
  UNIQUE KEY `unique_user_movie` (`UserID`,`MovieID`),
  UNIQUE KEY `uq_reviews` (`UserID`,`MovieID`),
  KEY `MovieID` (`MovieID`),
  CONSTRAINT `reviews_ibfk_1` FOREIGN KEY (`UserID`) REFERENCES `Users` (`UserID`) ON DELETE CASCADE ON UPDATE CASCADE,
  CONSTRAINT `reviews_ibfk_2` FOREIGN KEY (`MovieID`) REFERENCES `Movies` (`MovieID`) ON DELETE CASCADE ON UPDATE CASCADE,
  CONSTRAINT `reviews_chk_1` CHECK ((`Rating` between 1 and 10))
) ENGINE=InnoDB AUTO_INCREMENT=1238 DEFAULT CHARSET=utf8mb4 COLLATE=utf8mb4_0900_ai_ci;
/*!40101 SET character_set_client = @saved_cs_client */;

--
-- Dumping data for table `Reviews`
--

LOCK TABLES `Reviews` WRITE;
/*!40000 ALTER TABLE `Reviews` DISABLE KEYS */;
INSERT INTO `Reviews` VALUES (3,1,241,'Great chemistry between the characters',6,'2024-08-19'),(4,1,300,'Actor has acted really well',6,'2024-06-19'),(5,1,370,'A cinematic experience worth watching',6,'2024-09-05'),(6,1,375,'Direction was top notch',2,'2024-06-10'),(7,1,415,'The plot twist was mind-blowing',2,'2025-02-07'),(8,1,461,'This movie is a masterpiece',10,'2025-02-11'),(9,2,14,'A very heartfelt performance',5,'2024-12-22'),(10,2,129,'Great chemistry between the characters',6,'2024-07-09'),(11,2,399,'The plot twist was mind-blowing',5,'2024-09-02'),(12,3,62,'Great chemistry between the characters',7,'2024-12-01'),(13,3,72,'Excellent pacing and editing',8,'2024-05-01'),(14,3,136,'Could watch this again and again',1,'2025-01-12'),(15,3,137,'Truly emotional and gripping',4,'2024-04-22'),(16,3,225,'Truly emotional and gripping',9,'2024-04-25'),(17,3,408,'Absolutely loved it',3,'2024-11-17'),(18,4,153,'This movie is real good',4,'2025-03-12'),(19,4,424,'The movie kept me hooked throughout',7,'2024-11-29'),(20,4,430,'Amazing performance by the lead actor',7,'2024-08-25'),(21,4,491,'Feels fresh and original',9,'2024-05-11'),(22,5,7,'The movie kept me hooked throughout',5,'2024-10-29'),(23,5,185,'Direction was top notch',3,'2024-08-12'),(24,5,329,'This movie is real good',10,'2025-03-09'),(25,5,400,'The plot twist was mind-blowing',6,'2024-12-19'),(26,5,499,'This movie is real good',10,'2024-06-27'),(27,6,174,'Truly emotional and gripping',5,'2024-09-21'),(28,7,64,'Great chemistry between the characters',7,'2024-07-13'),(29,7,219,'Actor has acted really well',7,'2024-06-06'),(30,7,281,'Actor has acted really well',8,'2025-01-07'),(31,7,321,'A cinematic experience worth watching',6,'2024-07-03'),(32,7,398,'A very heartfelt performance',9,'2024-04-17'),(33,7,440,'Visually stunning and emotionally rich',7,'2024-11-01'),(34,7,450,'Truly emotional and gripping',1,'2025-01-04'),(35,8,61,'Outstanding cast and storyline',4,'2024-04-30'),(36,8,182,'I loved the soundtrack and visuals',10,'2024-07-20'),(37,8,277,'Amazing performance by the lead actor',1,'2024-06-06'),(38,8,300,'Powerful message and strong acting',2,'2025-02-04'),(39,8,481,'This movie is real good',1,'2024-09-27'),(40,9,12,'Feels fresh and original',1,'2024-11-30'),(41,9,198,'Feels fresh and original',10,'2025-03-10'),(42,9,219,'Great chemistry between the characters',10,'2025-02-11'),(43,9,369,'Amazing performance by the lead actor',10,'2024-04-24'),(44,9,443,'I loved the soundtrack and visuals',3,'2024-07-17'),(45,9,446,'Great chemistry between the characters',6,'2024-10-24'),(46,9,495,'Outstanding cast and storyline',9,'2024-10-01'),(47,10,203,'Could watch this again and again',10,'2025-03-30'),(48,10,273,'Excellent pacing and editing',5,'2025-01-12'),(49,10,426,'Could watch this again and again',4,'2024-05-25'),(50,11,151,'Great chemistry between the characters',2,'2024-06-08'),(51,11,275,'Absolutely loved it',1,'2024-05-28'),(52,12,295,'The plot twist was mind-blowing',1,'2025-02-18'),(53,12,379,'Feels fresh and original',1,'2024-04-24'),(54,12,386,'Truly emotional and gripping',7,'2025-03-20'),(55,13,75,'Absolutely loved it',4,'2024-10-28'),(56,13,190,'Outstanding cast and storyline',6,'2024-11-21'),(57,13,470,'A cinematic experience worth watching',9,'2024-06-18'),(58,14,55,'I loved the soundtrack and visuals',2,'2025-02-18'),(59,14,132,'Great chemistry between the characters',10,'2024-06-15'),(60,14,326,'This movie is real good',5,'2024-05-31'),(61,14,330,'The plot twist was mind-blowing',6,'2024-07-13'),(62,15,89,'I loved the soundtrack and visuals',9,'2024-09-05'),(63,15,313,'Visually stunning and emotionally rich',7,'2024-07-02'),(64,15,349,'Could watch this again and again',10,'2025-02-07'),(65,15,435,'Absolutely loved it',3,'2024-05-21'),(66,16,113,'The movie kept me hooked throughout',7,'2024-08-07'),(67,17,35,'Visually stunning and emotionally rich',10,'2024-04-19'),(68,17,63,'I loved the soundtrack and visuals',1,'2024-07-30'),(69,17,89,'The plot twist was mind-blowing',10,'2024-07-28'),(70,17,96,'A cinematic experience worth watching',9,'2024-12-20'),(71,17,156,'This movie is a masterpiece',8,'2025-01-22'),(72,17,169,'A cinematic experience worth watching',8,'2025-04-11'),(73,17,198,'Truly emotional and gripping',2,'2024-04-24'),(74,17,271,'Direction was top notch',9,'2024-12-18'),(75,17,309,'Outstanding cast and storyline',7,'2025-01-09'),(76,17,431,'A very heartfelt performance',4,'2024-09-03'),(77,18,48,'Powerful message and strong acting',5,'2024-06-21'),(78,18,447,'I loved the soundtrack and visuals',5,'2024-04-15'),(79,19,165,'Absolutely loved it',5,'2025-02-17'),(80,19,208,'The plot twist was mind-blowing',3,'2025-02-18'),(81,19,242,'A cinematic experience worth watching',2,'2024-05-26'),(82,19,246,'A cinematic experience worth watching',6,'2024-10-24'),(83,19,418,'Excellent pacing and editing',9,'2024-04-30'),(84,20,10,'Actor has acted really well',1,'2024-11-05'),(85,20,73,'Truly emotional and gripping',7,'2025-03-01'),(86,20,101,'Truly emotional and gripping',4,'2024-07-26'),(87,20,126,'Direction was top notch',3,'2024-07-14'),(88,20,177,'Dialogue delivery was brilliant',3,'2024-05-25'),(89,20,347,'A very heartfelt performance',5,'2024-10-03'),(90,20,376,'Absolutely loved it',1,'2024-11-24'),(91,20,405,'Outstanding cast and storyline',3,'2025-01-01'),(92,20,412,'Absolutely loved it',5,'2024-07-19'),(93,20,484,'This movie is a masterpiece',3,'2025-02-02'),(94,21,180,'Actor has acted really well',3,'2024-08-25'),(95,21,210,'I loved the soundtrack and visuals',4,'2024-09-25'),(96,21,500,'Powerful message and strong acting',9,'2024-11-14'),(97,22,1,'Outstanding cast and storyline',9,'2024-05-18'),(98,22,14,'The movie kept me hooked throughout',1,'2024-10-04'),(99,22,83,'A very heartfelt performance',6,'2024-12-22'),(100,22,127,'Truly emotional and gripping',3,'2025-04-09'),(101,22,210,'Excellent pacing and editing',1,'2024-08-27'),(102,22,295,'The movie kept me hooked throughout',4,'2024-08-27'),(103,23,37,'Powerful message and strong acting',2,'2024-09-21'),(104,23,99,'Direction was top notch',7,'2024-11-03'),(105,23,100,'Actor has acted really well',10,'2025-03-14'),(106,23,136,'The plot twist was mind-blowing',3,'2025-03-26'),(107,23,163,'Truly emotional and gripping',6,'2024-10-07'),(108,23,168,'Truly emotional and gripping',5,'2024-06-18'),(109,23,226,'Dialogue delivery was brilliant',7,'2025-02-18'),(110,23,332,'Outstanding cast and storyline',6,'2025-03-10'),(111,23,433,'Dialogue delivery was brilliant',3,'2024-09-09'),(112,23,435,'Dialogue delivery was brilliant',2,'2024-11-19'),(113,23,480,'A very heartfelt performance',9,'2025-04-01'),(114,23,495,'Feels fresh and original',10,'2025-02-11'),(115,25,252,'Feels fresh and original',2,'2024-10-10'),(116,25,356,'Outstanding cast and storyline',7,'2024-09-29'),(117,25,485,'Truly emotional and gripping',6,'2024-05-19'),(118,26,57,'This movie is a masterpiece',2,'2024-09-30'),(119,26,452,'A cinematic experience worth watching',2,'2025-04-07'),(120,26,469,'This movie is a masterpiece',9,'2024-11-04'),(121,26,488,'Great chemistry between the characters',8,'2024-11-05'),(122,27,103,'Dialogue delivery was brilliant',7,'2024-05-27'),(123,27,207,'I loved the soundtrack and visuals',10,'2024-10-28'),(124,27,272,'I loved the soundtrack and visuals',4,'2025-01-05'),(125,27,437,'Visually stunning and emotionally rich',9,'2024-06-26'),(126,27,452,'Direction was top notch',3,'2024-08-28'),(127,27,492,'Truly emotional and gripping',7,'2025-02-24'),(128,28,379,'Truly emotional and gripping',9,'2024-04-29'),(129,29,128,'Could watch this again and again',10,'2024-12-14'),(130,30,183,'Actor has acted really well',8,'2025-01-11'),(131,30,295,'The movie kept me hooked throughout',1,'2025-03-17'),(132,30,315,'Could watch this again and again',3,'2025-04-10'),(133,30,352,'Excellent pacing and editing',2,'2024-08-01'),(134,31,197,'Feels fresh and original',8,'2024-09-22'),(135,31,314,'Direction was top notch',6,'2024-05-04'),(136,31,352,'Dialogue delivery was brilliant',1,'2024-12-23'),(137,31,407,'This movie is real good',10,'2024-08-10'),(138,32,224,'Outstanding cast and storyline',4,'2024-07-19'),(139,32,293,'The movie kept me hooked throughout',3,'2024-07-27'),(140,33,180,'Feels fresh and original',4,'2025-02-15'),(141,33,450,'Could watch this again and again',4,'2024-06-13'),(142,34,152,'Absolutely loved it',4,'2024-08-22'),(143,34,283,'Absolutely loved it',2,'2024-09-29'),(144,35,64,'Powerful message and strong acting',5,'2024-10-05'),(145,35,100,'Visually stunning and emotionally rich',5,'2024-09-06'),(146,35,372,'Powerful message and strong acting',10,'2024-05-21'),(147,36,132,'This movie is real good',1,'2025-01-28'),(148,36,436,'Powerful message and strong acting',1,'2024-11-03'),(149,36,437,'This movie is real good',1,'2024-06-05'),(150,36,463,'Great chemistry between the characters',10,'2025-01-28'),(151,37,29,'Direction was top notch',9,'2025-02-18'),(152,37,119,'Feels fresh and original',8,'2024-04-19'),(153,37,423,'A very heartfelt performance',9,'2024-07-14'),(154,38,36,'The movie kept me hooked throughout',1,'2025-04-15'),(155,38,173,'Could watch this again and again',1,'2024-12-26'),(156,38,232,'Excellent pacing and editing',6,'2025-02-28'),(157,38,284,'The plot twist was mind-blowing',7,'2024-10-25'),(158,38,425,'I loved the soundtrack and visuals',7,'2024-11-07'),(159,38,487,'Feels fresh and original',1,'2024-05-26'),(160,39,134,'The plot twist was mind-blowing',2,'2024-10-20'),(161,39,178,'A cinematic experience worth watching',5,'2024-09-27'),(162,39,235,'Dialogue delivery was brilliant',10,'2024-07-06'),(163,39,384,'Actor has acted really well',9,'2024-04-21'),(164,39,417,'Outstanding cast and storyline',9,'2024-05-08'),(165,39,463,'I loved the soundtrack and visuals',10,'2024-04-30'),(166,40,142,'The plot twist was mind-blowing',10,'2024-12-04'),(167,40,152,'Dialogue delivery was brilliant',3,'2024-05-05'),(168,40,375,'Great chemistry between the characters',2,'2025-03-10'),(169,40,401,'Feels fresh and original',10,'2024-09-29'),(170,40,405,'This movie is real good',4,'2025-01-05'),(171,41,150,'Outstanding cast and storyline',4,'2024-09-26'),(172,41,330,'Actor has acted really well',10,'2024-11-15'),(173,41,349,'Truly emotional and gripping',9,'2025-04-02'),(174,41,408,'Great chemistry between the characters',6,'2024-12-05'),(175,41,410,'This movie is real good',4,'2024-06-30'),(176,42,22,'The movie kept me hooked throughout',7,'2025-04-06'),(177,42,156,'I loved the soundtrack and visuals',9,'2024-10-28'),(178,42,228,'Direction was top notch',6,'2024-09-30'),(179,42,317,'Absolutely loved it',5,'2024-11-09'),(180,42,425,'This movie is a masterpiece',3,'2025-03-29'),(181,43,73,'Direction was top notch',2,'2025-03-09'),(182,44,137,'Actor has acted really well',5,'2025-02-14'),(183,45,91,'Absolutely loved it',3,'2025-01-24'),(184,45,256,'The plot twist was mind-blowing',7,'2024-06-17'),(185,46,394,'Outstanding cast and storyline',8,'2024-12-13'),(186,46,439,'Absolutely loved it',6,'2024-08-24'),(187,47,164,'A cinematic experience worth watching',7,'2024-08-17'),(188,47,236,'Excellent pacing and editing',7,'2024-09-20'),(189,47,454,'I loved the soundtrack and visuals',8,'2024-11-08'),(190,48,92,'Direction was top notch',10,'2025-02-14'),(191,48,135,'Amazing performance by the lead actor',10,'2024-11-26'),(192,48,416,'This movie is real good',8,'2024-10-31'),(193,48,449,'Truly emotional and gripping',9,'2024-07-14'),(194,49,87,'A very heartfelt performance',7,'2024-09-30'),(195,49,122,'Great chemistry between the characters',5,'2024-09-04'),(196,49,309,'Could watch this again and again',5,'2024-12-21'),(197,49,337,'Excellent pacing and editing',10,'2024-10-15'),(198,49,350,'Excellent pacing and editing',6,'2025-01-14'),(199,50,300,'Powerful message and strong acting',2,'2024-12-06'),(200,50,395,'Visually stunning and emotionally rich',7,'2025-02-21'),(201,46,464,'A thrilling ride from start to finishhighly recommend!',5,'2025-03-27'),(202,41,57,'Strong acting but story felt a bit predictable.',7,'2024-06-01'),(203,31,160,'Beautiful cinematography, though the plot was average.',1,'2024-07-01'),(204,52,319,'Beautiful cinematography, though the plot was average.',4,'2025-02-11'),(205,52,215,'Fantastic film with superb performances and stunning visuals.',5,'2024-11-13'),(206,20,307,'A thrilling ride from start to finishhighly recommend!',10,'2024-09-02'),(207,56,501,'An emotional journey that really stayed with me afterward.',8,'2025-03-22'),(208,57,380,'An emotional journey that really stayed with me afterward.',9,'2024-11-29'),(209,39,31,'Beautiful cinematography, though the plot was average.',8,'2025-03-25'),(210,4,14,'Beautiful cinematography, though the plot was average.',2,'2024-05-30'),(211,22,65,'An emotional journey that really stayed with me afterward.',4,'2025-04-01'),(212,38,163,'An emotional journey that really stayed with me afterward.',9,'2024-10-14'),(213,23,305,'Strong acting but story felt a bit predictable.',9,'2024-07-06'),(214,20,219,'Fantastic film with superb performances and stunning visuals.',6,'2024-07-27'),(215,3,221,'An emotional journey that really stayed with me afterward.',2,'2024-05-16'),(216,22,395,'Beautiful cinematography, though the plot was average.',1,'2024-06-16'),(217,44,428,'An emotional journey that really stayed with me afterward.',4,'2024-12-26'),(218,35,46,'Laughoutloud funny in places and genuinely moving in others.',8,'2025-01-28'),(219,43,274,'Good for a onetime watch; not sure Id revisit it frequently.',6,'2024-07-26'),(220,13,336,'Laughoutloud funny in places and genuinely moving in others.',8,'2025-01-07'),(221,47,320,'Entertaining, but a few slow spots kept me from loving it.',3,'2024-04-29'),(222,47,232,'Entertaining, but a few slow spots kept me from loving it.',9,'2025-03-19'),(223,48,290,'A masterpieceone of the best movies Ive seen this year.',6,'2024-09-24'),(224,5,420,'A masterpieceone of the best movies Ive seen this year.',9,'2024-12-05'),(225,48,233,'Strong acting but story felt a bit predictable.',5,'2024-09-26'),(226,36,280,'An emotional journey that really stayed with me afterward.',4,'2025-04-21'),(227,24,462,'A thrilling ride from start to finishhighly recommend!',8,'2025-01-08'),(228,25,253,'Good for a onetime watch; not sure Id revisit it frequently.',5,'2024-12-23'),(229,41,115,'A masterpieceone of the best movies Ive seen this year.',5,'2025-03-11'),(230,27,191,'A thrilling ride from start to finishhighly recommend!',9,'2025-04-02'),(231,1,322,'Strong acting but story felt a bit predictable.',2,'2024-10-07'),(232,54,53,'Entertaining, but a few slow spots kept me from loving it.',10,'2024-10-25'),(233,23,36,'Good for a onetime watch; not sure Id revisit it frequently.',6,'2025-03-31'),(234,16,119,'A thrilling ride from start to finishhighly recommend!',9,'2024-05-01'),(235,9,355,'Good for a onetime watch; not sure Id revisit it frequently.',4,'2025-03-27'),(236,25,249,'Laughoutloud funny in places and genuinely moving in others.',8,'2024-10-28'),(237,4,79,'Laughoutloud funny in places and genuinely moving in others.',10,'2025-01-27'),(238,31,338,'Great script and excellent pacing, couldnt look away.',10,'2024-09-26'),(239,23,415,'Strong acting but story felt a bit predictable.',7,'2025-04-11'),(240,47,439,'Strong acting but story felt a bit predictable.',5,'2024-06-21'),(241,17,205,'Beautiful cinematography, though the plot was average.',7,'2024-12-29'),(242,13,210,'An emotional journey that really stayed with me afterward.',5,'2024-07-21'),(243,31,143,'Fantastic film with superb performances and stunning visuals.',10,'2024-08-08'),(244,2,365,'A masterpieceone of the best movies Ive seen this year.',7,'2024-04-24'),(245,45,465,'Strong acting but story felt a bit predictable.',8,'2024-10-16'),(246,39,378,'Beautiful cinematography, though the plot was average.',3,'2024-07-28'),(247,26,396,'Beautiful cinematography, though the plot was average.',2,'2024-12-20'),(248,38,182,'Laughoutloud funny in places and genuinely moving in others.',9,'2024-06-19'),(249,50,117,'An emotional journey that really stayed with me afterward.',9,'2024-06-28'),(250,10,473,'An emotional journey that really stayed with me afterward.',4,'2025-03-11'),(251,38,341,'Good for a onetime watch; not sure Id revisit it frequently.',3,'2024-08-06'),(252,11,325,'Strong acting but story felt a bit predictable.',4,'2025-01-18'),(253,5,45,'An emotional journey that really stayed with me afterward.',2,'2024-06-09'),(254,36,350,'An emotional journey that really stayed with me afterward.',9,'2024-11-20'),(255,42,288,'Great script and excellent pacing, couldnt look away.',9,'2024-10-25'),(256,28,214,'Laughoutloud funny in places and genuinely moving in others.',6,'2024-05-23'),(257,34,24,'An emotional journey that really stayed with me afterward.',8,'2024-05-24'),(258,20,388,'Entertaining, but a few slow spots kept me from loving it.',10,'2025-02-19'),(259,26,359,'Laughoutloud funny in places and genuinely moving in others.',7,'2024-08-14'),(260,19,255,'Great script and excellent pacing, couldnt look away.',10,'2024-08-05'),(261,32,448,'Strong acting but story felt a bit predictable.',5,'2024-06-25'),(262,42,236,'Fantastic film with superb performances and stunning visuals.',7,'2025-04-12'),(263,15,491,'A thrilling ride from start to finishhighly recommend!',7,'2024-08-11'),(264,31,251,'Strong acting but story felt a bit predictable.',2,'2024-12-10'),(265,30,470,'Fantastic film with superb performances and stunning visuals.',10,'2024-05-28'),(266,25,256,'Good for a onetime watch; not sure Id revisit it frequently.',8,'2025-03-10'),(267,26,143,'Laughoutloud funny in places and genuinely moving in others.',7,'2024-07-06'),(268,53,355,'Entertaining, but a few slow spots kept me from loving it.',10,'2024-10-04'),(269,15,432,'Entertaining, but a few slow spots kept me from loving it.',5,'2024-07-24'),(270,42,322,'An emotional journey that really stayed with me afterward.',5,'2024-11-18'),(271,28,227,'A masterpieceone of the best movies Ive seen this year.',9,'2025-02-12'),(272,19,31,'Fantastic film with superb performances and stunning visuals.',4,'2024-07-18'),(273,40,283,'Great script and excellent pacing, couldnt look away.',10,'2024-09-08'),(274,18,149,'A thrilling ride from start to finishhighly recommend!',3,'2024-09-15'),(275,50,131,'Fantastic film with superb performances and stunning visuals.',5,'2024-06-11'),(276,37,198,'A masterpieceone of the best movies Ive seen this year.',3,'2024-12-08'),(277,40,479,'Fantastic film with superb performances and stunning visuals.',1,'2025-01-06'),(278,19,35,'Great script and excellent pacing, couldnt look away.',1,'2024-10-19'),(279,32,372,'A thrilling ride from start to finishhighly recommend!',7,'2024-07-20'),(280,48,414,'An emotional journey that really stayed with me afterward.',1,'2024-11-24'),(281,55,263,'A masterpieceone of the best movies Ive seen this year.',4,'2024-06-17'),(282,25,239,'Laughoutloud funny in places and genuinely moving in others.',10,'2024-05-02'),(283,6,150,'Fantastic film with superb performances and stunning visuals.',2,'2024-12-13'),(284,22,480,'Great script and excellent pacing, couldnt look away.',10,'2024-07-28'),(285,48,376,'Great script and excellent pacing, couldnt look away.',8,'2024-06-30'),(286,29,237,'An emotional journey that really stayed with me afterward.',7,'2024-09-11'),(287,39,232,'An emotional journey that really stayed with me afterward.',10,'2025-01-08'),(288,49,41,'A masterpieceone of the best movies Ive seen this year.',3,'2025-01-10'),(289,13,104,'Great script and excellent pacing, couldnt look away.',6,'2024-11-19'),(290,35,439,'Strong acting but story felt a bit predictable.',1,'2024-09-02'),(291,12,34,'Laughoutloud funny in places and genuinely moving in others.',9,'2024-08-07'),(292,8,355,'Good for a onetime watch; not sure Id revisit it frequently.',6,'2024-05-17'),(293,16,260,'Great script and excellent pacing, couldnt look away.',1,'2025-01-08'),(294,20,45,'Strong acting but story felt a bit predictable.',2,'2024-09-29'),(295,27,463,'Laughoutloud funny in places and genuinely moving in others.',7,'2024-07-22'),(296,44,309,'Entertaining, but a few slow spots kept me from loving it.',8,'2024-11-17'),(297,35,504,'Great script and excellent pacing, couldnt look away.',2,'2024-08-21'),(298,15,492,'Strong acting but story felt a bit predictable.',9,'2024-05-11'),(299,47,133,'Fantastic film with superb performances and stunning visuals.',9,'2025-03-14'),(300,50,254,'Entertaining, but a few slow spots kept me from loving it.',10,'2025-01-06'),(301,43,246,'Fantastic film with superb performances and stunning visuals.',7,'2024-05-20'),(302,33,497,'A thrilling ride from start to finishhighly recommend!',1,'2024-06-02'),(303,37,247,'Laughoutloud funny in places and genuinely moving in others.',5,'2024-09-18'),(304,6,325,'Good for a onetime watch; not sure Id revisit it frequently.',9,'2024-10-24'),(305,18,438,'Strong acting but story felt a bit predictable.',9,'2024-10-07'),(306,30,353,'A thrilling ride from start to finishhighly recommend!',2,'2024-12-27'),(307,32,185,'Strong acting but story felt a bit predictable.',8,'2024-11-23'),(308,56,482,'Great script and excellent pacing, couldnt look away.',3,'2024-11-14'),(309,45,296,'Laughoutloud funny in places and genuinely moving in others.',5,'2024-04-24'),(310,55,269,'A thrilling ride from start to finishhighly recommend!',6,'2025-01-21'),(311,34,100,'Fantastic film with superb performances and stunning visuals.',2,'2024-07-04'),(312,32,374,'Good for a onetime watch; not sure Id revisit it frequently.',6,'2024-05-13'),(313,3,70,'Laughoutloud funny in places and genuinely moving in others.',8,'2025-03-31'),(314,14,487,'A masterpieceone of the best movies Ive seen this year.',8,'2024-06-04'),(315,27,289,'A thrilling ride from start to finishhighly recommend!',5,'2025-03-07'),(316,2,304,'Laughoutloud funny in places and genuinely moving in others.',3,'2024-08-18'),(317,42,256,'Good for a onetime watch; not sure Id revisit it frequently.',6,'2024-07-17'),(318,49,178,'Fantastic film with superb performances and stunning visuals.',5,'2025-03-27'),(319,20,20,'Beautiful cinematography, though the plot was average.',8,'2025-03-17'),(320,18,315,'Fantastic film with superb performances and stunning visuals.',2,'2024-06-06'),(321,15,357,'Entertaining, but a few slow spots kept me from loving it.',4,'2024-11-23'),(322,24,37,'Great script and excellent pacing, couldnt look away.',5,'2024-12-23'),(323,47,329,'Great script and excellent pacing, couldnt look away.',7,'2025-03-24'),(324,24,409,'Beautiful cinematography, though the plot was average.',10,'2025-02-14'),(325,9,366,'Laughoutloud funny in places and genuinely moving in others.',1,'2024-09-09'),(326,36,499,'Strong acting but story felt a bit predictable.',10,'2024-12-24'),(327,11,309,'A thrilling ride from start to finishhighly recommend!',5,'2025-02-18'),(328,55,404,'Strong acting but story felt a bit predictable.',2,'2025-01-14'),(329,7,298,'Entertaining, but a few slow spots kept me from loving it.',5,'2025-01-24'),(330,56,301,'An emotional journey that really stayed with me afterward.',3,'2024-11-23'),(331,53,143,'An emotional journey that really stayed with me afterward.',10,'2025-04-18'),(332,18,98,'Great script and excellent pacing, couldnt look away.',5,'2025-02-11'),(333,26,439,'A thrilling ride from start to finishhighly recommend!',6,'2025-02-08'),(334,53,61,'Strong acting but story felt a bit predictable.',3,'2024-05-15'),(335,9,110,'Great script and excellent pacing, couldnt look away.',10,'2024-06-12'),(336,56,333,'Great script and excellent pacing, couldnt look away.',8,'2024-06-09'),(337,9,243,'A thrilling ride from start to finishhighly recommend!',9,'2024-07-26'),(338,26,182,'A thrilling ride from start to finishhighly recommend!',7,'2024-09-01'),(339,46,164,'Good for a onetime watch; not sure Id revisit it frequently.',4,'2024-06-12'),(340,40,76,'Fantastic film with superb performances and stunning visuals.',7,'2025-01-03'),(341,29,326,'Great script and excellent pacing, couldnt look away.',1,'2024-12-29'),(342,7,360,'An emotional journey that really stayed with me afterward.',2,'2024-05-21'),(343,42,352,'Entertaining, but a few slow spots kept me from loving it.',1,'2024-05-05'),(344,56,113,'Fantastic film with superb performances and stunning visuals.',8,'2024-10-01'),(345,52,303,'Beautiful cinematography, though the plot was average.',10,'2025-04-05'),(346,36,287,'Entertaining, but a few slow spots kept me from loving it.',3,'2025-03-13'),(347,47,6,'Good for a onetime watch; not sure Id revisit it frequently.',9,'2024-09-26'),(348,12,332,'Strong acting but story felt a bit predictable.',1,'2024-09-28'),(349,48,231,'Good for a onetime watch; not sure Id revisit it frequently.',6,'2024-07-27'),(350,32,338,'Great script and excellent pacing, couldnt look away.',2,'2024-05-19'),(351,1,470,'A masterpieceone of the best movies Ive seen this year.',10,'2024-05-09'),(352,27,394,'Strong acting but story felt a bit predictable.',6,'2024-09-27'),(353,2,499,'Beautiful cinematography, though the plot was average.',4,'2024-06-18'),(354,56,91,'A masterpieceone of the best movies Ive seen this year.',1,'2024-10-23'),(355,8,268,'Laughoutloud funny in places and genuinely moving in others.',5,'2024-05-09'),(356,4,170,'Great script and excellent pacing, couldnt look away.',10,'2024-12-24'),(357,41,327,'Beautiful cinematography, though the plot was average.',3,'2024-08-09'),(358,24,141,'Beautiful cinematography, though the plot was average.',7,'2024-09-07'),(359,2,338,'A thrilling ride from start to finishhighly recommend!',6,'2024-10-14'),(360,27,108,'Great script and excellent pacing, couldnt look away.',6,'2024-12-17'),(361,1,353,'Great script and excellent pacing, couldnt look away.',2,'2024-08-24'),(362,13,194,'Laughoutloud funny in places and genuinely moving in others.',1,'2024-06-20'),(363,3,102,'Laughoutloud funny in places and genuinely moving in others.',3,'2024-07-13'),(364,55,28,'Good for a onetime watch; not sure Id revisit it frequently.',10,'2024-09-21'),(365,54,254,'Beautiful cinematography, though the plot was average.',6,'2025-04-04'),(366,8,282,'A thrilling ride from start to finishhighly recommend!',5,'2024-08-28'),(367,26,378,'Entertaining, but a few slow spots kept me from loving it.',1,'2024-05-22'),(368,46,124,'Great script and excellent pacing, couldnt look away.',8,'2024-09-22'),(369,14,431,'Laughoutloud funny in places and genuinely moving in others.',4,'2024-04-27'),(370,3,292,'A thrilling ride from start to finishhighly recommend!',3,'2024-08-05'),(371,6,269,'A thrilling ride from start to finishhighly recommend!',7,'2024-06-21'),(372,36,113,'Fantastic film with superb performances and stunning visuals.',2,'2025-01-02'),(373,19,168,'Entertaining, but a few slow spots kept me from loving it.',9,'2025-03-10'),(374,53,473,'Great script and excellent pacing, couldnt look away.',1,'2025-01-25'),(375,2,275,'Laughoutloud funny in places and genuinely moving in others.',6,'2024-11-21'),(376,55,202,'Entertaining, but a few slow spots kept me from loving it.',6,'2024-09-07'),(377,17,232,'Laughoutloud funny in places and genuinely moving in others.',7,'2024-08-19'),(378,7,240,'Good for a onetime watch; not sure Id revisit it frequently.',5,'2024-10-31'),(379,16,411,'Great script and excellent pacing, couldnt look away.',5,'2025-01-25'),(380,50,398,'Fantastic film with superb performances and stunning visuals.',6,'2025-01-01'),(381,27,170,'Fantastic film with superb performances and stunning visuals.',5,'2025-01-30'),(382,15,132,'Great script and excellent pacing, couldnt look away.',2,'2024-09-15'),(383,54,366,'Great script and excellent pacing, couldnt look away.',4,'2024-09-25'),(384,41,357,'Laughoutloud funny in places and genuinely moving in others.',10,'2025-04-02'),(385,53,212,'Strong acting but story felt a bit predictable.',7,'2025-02-19'),(386,35,411,'Fantastic film with superb performances and stunning visuals.',1,'2025-04-18'),(387,18,291,'Beautiful cinematography, though the plot was average.',6,'2024-06-16'),(388,42,74,'Strong acting but story felt a bit predictable.',4,'2024-08-26'),(389,20,90,'A thrilling ride from start to finishhighly recommend!',3,'2024-08-06'),(390,20,474,'A masterpieceone of the best movies Ive seen this year.',3,'2024-11-14'),(391,10,130,'Entertaining, but a few slow spots kept me from loving it.',3,'2025-02-16'),(392,5,124,'Strong acting but story felt a bit predictable.',1,'2025-03-27'),(393,39,1,'Entertaining, but a few slow spots kept me from loving it.',4,'2025-02-10'),(394,39,231,'Fantastic film with superb performances and stunning visuals.',10,'2024-07-14'),(395,53,191,'Entertaining, but a few slow spots kept me from loving it.',2,'2024-12-15'),(396,57,456789,'Strong acting but story felt a bit predictable.',7,'2025-04-08'),(397,31,67,'Strong acting but story felt a bit predictable.',5,'2024-09-13'),(398,44,146,'Beautiful cinematography, though the plot was average.',5,'2024-11-08'),(399,48,254,'An emotional journey that really stayed with me afterward.',3,'2024-11-23'),(400,12,101,'Laughoutloud funny in places and genuinely moving in others.',7,'2024-06-19'),(401,46,504,'Great script and excellent pacing, couldnt look away.',6,'2024-06-18'),(402,8,116,'Beautiful cinematography, though the plot was average.',1,'2024-08-17'),(403,28,397,'Entertaining, but a few slow spots kept me from loving it.',2,'2024-06-01'),(404,41,422,'Strong acting but story felt a bit predictable.',10,'2024-09-12'),(405,9,108,'Laughoutloud funny in places and genuinely moving in others.',6,'2025-03-03'),(406,47,72,'A thrilling ride from start to finishhighly recommend!',3,'2024-10-11'),(407,56,396,'A thrilling ride from start to finishhighly recommend!',8,'2024-11-27'),(408,22,433,'An emotional journey that really stayed with me afterward.',9,'2024-12-05'),(409,15,27,'Strong acting but story felt a bit predictable.',8,'2025-02-28'),(410,5,412,'Beautiful cinematography, though the plot was average.',6,'2024-11-23'),(411,38,195,'A masterpieceone of the best movies Ive seen this year.',4,'2024-09-19'),(412,19,102,'A masterpieceone of the best movies Ive seen this year.',7,'2024-12-04'),(413,8,331,'Strong acting but story felt a bit predictable.',8,'2024-11-07'),(414,30,123,'A masterpieceone of the best movies Ive seen this year.',10,'2025-04-15'),(415,48,372,'Good for a onetime watch; not sure Id revisit it frequently.',4,'2024-07-29'),(416,31,69,'Beautiful cinematography, though the plot was average.',6,'2025-04-19'),(417,44,464,'Laughoutloud funny in places and genuinely moving in others.',7,'2024-05-03'),(418,52,107,'Beautiful cinematography, though the plot was average.',7,'2024-10-10'),(419,54,59,'An emotional journey that really stayed with me afterward.',4,'2025-01-08'),(420,12,472,'Good for a onetime watch; not sure Id revisit it frequently.',6,'2024-06-19'),(421,33,223,'Good for a onetime watch; not sure Id revisit it frequently.',7,'2025-01-27'),(422,15,209,'Good for a onetime watch; not sure Id revisit it frequently.',6,'2024-07-20'),(423,16,229,'Good for a onetime watch; not sure Id revisit it frequently.',2,'2024-07-02'),(424,32,383,'Good for a onetime watch; not sure Id revisit it frequently.',9,'2024-09-16'),(425,47,99,'A thrilling ride from start to finishhighly recommend!',6,'2025-02-12'),(426,20,499,'Beautiful cinematography, though the plot was average.',10,'2024-05-12'),(427,19,316,'Strong acting but story felt a bit predictable.',4,'2024-12-25'),(428,55,455,'Fantastic film with superb performances and stunning visuals.',5,'2024-04-30'),(429,30,210,'Good for a onetime watch; not sure Id revisit it frequently.',2,'2024-06-11'),(430,24,314,'Strong acting but story felt a bit predictable.',6,'2024-09-24'),(431,12,374,'Good for a onetime watch; not sure Id revisit it frequently.',8,'2024-06-07'),(432,54,10,'An emotional journey that really stayed with me afterward.',4,'2024-05-26'),(433,7,7,'Entertaining, but a few slow spots kept me from loving it.',5,'2024-05-16'),(434,51,76,'A masterpieceone of the best movies Ive seen this year.',10,'2024-05-04'),(435,40,303,'A thrilling ride from start to finishhighly recommend!',5,'2024-07-30'),(436,50,378,'Strong acting but story felt a bit predictable.',2,'2024-11-26'),(437,56,145,'A masterpieceone of the best movies Ive seen this year.',1,'2024-11-08'),(438,28,192,'Beautiful cinematography, though the plot was average.',3,'2024-09-15'),(439,26,492,'An emotional journey that really stayed with me afterward.',6,'2025-04-05'),(440,25,462,'An emotional journey that really stayed with me afterward.',9,'2025-01-09'),(441,7,199,'A masterpieceone of the best movies Ive seen this year.',5,'2024-11-28'),(442,57,401,'An emotional journey that really stayed with me afterward.',8,'2024-07-08'),(443,13,113,'A thrilling ride from start to finishhighly recommend!',3,'2024-06-16'),(444,9,230,'Laughoutloud funny in places and genuinely moving in others.',7,'2024-08-31'),(445,36,131,'Fantastic film with superb performances and stunning visuals.',6,'2024-11-13'),(446,55,367,'Great script and excellent pacing, couldnt look away.',8,'2024-10-05'),(447,38,4,'Strong acting but story felt a bit predictable.',7,'2025-04-01'),(448,8,439,'Beautiful cinematography, though the plot was average.',7,'2024-12-15'),(449,17,236,'Laughoutloud funny in places and genuinely moving in others.',10,'2025-03-17'),(450,48,48,'Great script and excellent pacing, couldnt look away.',7,'2024-05-10'),(451,6,322,'A masterpieceone of the best movies Ive seen this year.',5,'2024-12-12'),(452,38,55,'A thrilling ride from start to finishhighly recommend!',9,'2024-08-05'),(453,11,229,'A thrilling ride from start to finishhighly recommend!',10,'2024-12-14'),(454,57,453,'Laughoutloud funny in places and genuinely moving in others.',6,'2024-12-09'),(455,45,308,'Fantastic film with superb performances and stunning visuals.',9,'2025-02-14'),(456,40,496,'Beautiful cinematography, though the plot was average.',6,'2024-12-29'),(457,12,99,'Good for a onetime watch; not sure Id revisit it frequently.',6,'2024-07-19'),(458,21,307,'Great script and excellent pacing, couldnt look away.',8,'2024-07-23'),(459,43,159,'Fantastic film with superb performances and stunning visuals.',6,'2025-01-07'),(460,19,241,'Strong acting but story felt a bit predictable.',4,'2024-12-24'),(461,22,281,'Fantastic film with superb performances and stunning visuals.',8,'2024-08-20'),(462,9,113,'Strong acting but story felt a bit predictable.',4,'2024-10-15'),(463,51,297,'Entertaining, but a few slow spots kept me from loving it.',1,'2024-06-05'),(464,48,172,'Laughoutloud funny in places and genuinely moving in others.',1,'2024-07-14'),(465,51,500,'Good for a onetime watch; not sure Id revisit it frequently.',10,'2024-05-05'),(466,56,109,'Beautiful cinematography, though the plot was average.',10,'2025-03-30'),(467,24,204,'An emotional journey that really stayed with me afterward.',8,'2025-02-13'),(468,52,190,'Entertaining, but a few slow spots kept me from loving it.',6,'2024-07-11'),(469,35,342,'Good for a onetime watch; not sure Id revisit it frequently.',4,'2024-05-07'),(470,2,502,'Entertaining, but a few slow spots kept me from loving it.',3,'2024-07-07'),(471,28,90,'Beautiful cinematography, though the plot was average.',5,'2024-10-04'),(472,37,232,'Good for a onetime watch; not sure Id revisit it frequently.',6,'2025-04-08'),(473,4,142,'A thrilling ride from start to finishhighly recommend!',6,'2024-10-18'),(474,42,350,'Fantastic film with superb performances and stunning visuals.',9,'2024-06-13'),(475,43,504,'Good for a onetime watch; not sure Id revisit it frequently.',3,'2025-03-09'),(476,40,251,'Beautiful cinematography, though the plot was average.',5,'2024-08-18'),(477,51,409,'A thrilling ride from start to finishhighly recommend!',8,'2025-04-02'),(478,20,440,'Great script and excellent pacing, couldnt look away.',10,'2024-06-07'),(479,37,204,'An emotional journey that really stayed with me afterward.',10,'2025-02-23'),(480,41,163,'Beautiful cinematography, though the plot was average.',10,'2025-02-18'),(481,8,366,'Strong acting but story felt a bit predictable.',5,'2024-07-23'),(482,44,191,'Great script and excellent pacing, couldnt look away.',2,'2024-06-22'),(483,21,317,'Laughoutloud funny in places and genuinely moving in others.',10,'2024-12-26'),(484,12,192,'Beautiful cinematography, though the plot was average.',8,'2025-03-07'),(485,21,48,'Beautiful cinematography, though the plot was average.',5,'2024-08-30'),(486,5,484,'A thrilling ride from start to finishhighly recommend!',6,'2025-02-24'),(487,12,158,'A masterpieceone of the best movies Ive seen this year.',7,'2024-10-24'),(488,14,28,'Laughoutloud funny in places and genuinely moving in others.',2,'2025-01-02'),(489,56,310,'Fantastic film with superb performances and stunning visuals.',1,'2024-04-24'),(490,25,219,'A masterpieceone of the best movies Ive seen this year.',5,'2025-01-05'),(491,43,437,'Good for a onetime watch; not sure Id revisit it frequently.',4,'2024-07-12'),(492,20,99,'Beautiful cinematography, though the plot was average.',9,'2024-08-09'),(493,13,136,'Strong acting but story felt a bit predictable.',1,'2024-09-04'),(494,30,413,'Laughoutloud funny in places and genuinely moving in others.',7,'2024-09-02'),(495,39,363,'A thrilling ride from start to finishhighly recommend!',10,'2024-12-29'),(496,54,486,'Beautiful cinematography, though the plot was average.',1,'2024-06-28'),(497,52,382,'Entertaining, but a few slow spots kept me from loving it.',7,'2024-06-20'),(498,34,17,'A masterpieceone of the best movies Ive seen this year.',8,'2024-08-06'),(499,40,356,'Great script and excellent pacing, couldnt look away.',6,'2024-08-20'),(500,57,52,'A masterpieceone of the best movies Ive seen this year.',1,'2024-11-23'),(501,54,132,'A thrilling ride from start to finishhighly recommend!',3,'2025-04-15'),(502,32,84,'Beautiful cinematography, though the plot was average.',7,'2024-10-10'),(503,33,376,'An emotional journey that really stayed with me afterward.',5,'2024-09-25'),(504,40,348,'Fantastic film with superb performances and stunning visuals.',9,'2025-01-13'),(505,28,391,'Strong acting but story felt a bit predictable.',3,'2025-03-23'),(506,40,68,'Beautiful cinematography, though the plot was average.',6,'2025-03-14'),(507,8,245,'Entertaining, but a few slow spots kept me from loving it.',9,'2025-01-18'),(508,44,15,'Fantastic film with superb performances and stunning visuals.',5,'2024-06-03'),(509,56,38,'Fantastic film with superb performances and stunning visuals.',4,'2024-10-07'),(510,45,388,'Strong acting but story felt a bit predictable.',5,'2024-07-10'),(511,20,316,'An emotional journey that really stayed with me afterward.',3,'2024-11-16'),(512,9,332,'Beautiful cinematography, though the plot was average.',9,'2024-11-08'),(513,52,255,'A masterpieceone of the best movies Ive seen this year.',5,'2025-03-11'),(514,34,455,'Good for a onetime watch; not sure Id revisit it frequently.',1,'2025-02-11'),(515,26,283,'Good for a onetime watch; not sure Id revisit it frequently.',7,'2025-01-07'),(516,29,399,'Good for a onetime watch; not sure Id revisit it frequently.',10,'2025-04-04'),(517,10,131,'A masterpieceone of the best movies Ive seen this year.',5,'2025-02-19'),(518,29,285,'Beautiful cinematography, though the plot was average.',7,'2024-09-24'),(519,46,259,'A thrilling ride from start to finishhighly recommend!',5,'2024-05-03'),(520,31,308,'Entertaining, but a few slow spots kept me from loving it.',7,'2025-01-27'),(521,3,432,'Strong acting but story felt a bit predictable.',9,'2024-05-14'),(522,52,424,'Great script and excellent pacing, couldnt look away.',6,'2024-09-02'),(523,2,156,'Strong acting but story felt a bit predictable.',8,'2024-08-16'),(524,53,252,'Beautiful cinematography, though the plot was average.',5,'2024-09-30'),(525,16,122,'An emotional journey that really stayed with me afterward.',7,'2025-01-17'),(526,24,205,'Laughoutloud funny in places and genuinely moving in others.',5,'2024-09-30'),(527,30,171,'Laughoutloud funny in places and genuinely moving in others.',3,'2024-10-01'),(528,45,377,'A masterpieceone of the best movies Ive seen this year.',6,'2024-06-13'),(529,30,118,'Beautiful cinematography, though the plot was average.',5,'2024-10-01'),(530,25,78,'Beautiful cinematography, though the plot was average.',6,'2024-07-20'),(531,44,240,'Strong acting but story felt a bit predictable.',9,'2024-07-07'),(532,41,77,'A thrilling ride from start to finishhighly recommend!',9,'2024-07-17'),(533,6,233,'A thrilling ride from start to finishhighly recommend!',5,'2024-05-29'),(534,22,208,'Great script and excellent pacing, couldnt look away.',4,'2024-06-14'),(535,26,19,'Fantastic film with superb performances and stunning visuals.',1,'2024-05-16'),(536,41,486,'A thrilling ride from start to finishhighly recommend!',9,'2024-07-20'),(537,42,400,'Fantastic film with superb performances and stunning visuals.',6,'2024-10-12'),(538,31,94,'Beautiful cinematography, though the plot was average.',3,'2024-11-19'),(539,54,318,'An emotional journey that really stayed with me afterward.',2,'2025-01-09'),(540,32,370,'Fantastic film with superb performances and stunning visuals.',5,'2024-06-07'),(541,22,453,'Entertaining, but a few slow spots kept me from loving it.',5,'2024-05-22'),(542,17,499,'Strong acting but story felt a bit predictable.',9,'2024-07-29'),(543,49,182,'Good for a onetime watch; not sure Id revisit it frequently.',9,'2024-11-02'),(544,18,319,'Beautiful cinematography, though the plot was average.',5,'2024-11-20'),(545,42,319,'A thrilling ride from start to finishhighly recommend!',4,'2025-01-24'),(546,22,193,'Strong acting but story felt a bit predictable.',9,'2025-02-23'),(547,50,94,'A thrilling ride from start to finishhighly recommend!',3,'2024-05-23'),(548,26,73,'Beautiful cinematography, though the plot was average.',9,'2024-05-28'),(549,55,102,'Great script and excellent pacing, couldnt look away.',7,'2025-01-13'),(550,32,495,'A thrilling ride from start to finishhighly recommend!',6,'2025-03-13'),(551,38,116,'A masterpieceone of the best movies Ive seen this year.',10,'2024-10-26'),(552,54,367,'Great script and excellent pacing, couldnt look away.',4,'2024-10-13'),(553,49,263,'Strong acting but story felt a bit predictable.',6,'2024-09-18'),(554,35,49,'Good for a onetime watch; not sure Id revisit it frequently.',6,'2024-04-23'),(555,25,170,'An emotional journey that really stayed with me afterward.',10,'2025-03-29'),(556,56,492,'Good for a onetime watch; not sure Id revisit it frequently.',5,'2025-02-11'),(557,46,109,'A thrilling ride from start to finishhighly recommend!',3,'2024-05-24'),(558,24,354,'An emotional journey that really stayed with me afterward.',1,'2024-07-14'),(559,55,409,'A thrilling ride from start to finishhighly recommend!',7,'2024-08-11'),(560,37,445,'Entertaining, but a few slow spots kept me from loving it.',9,'2025-04-02'),(561,51,68,'A masterpieceone of the best movies Ive seen this year.',7,'2025-01-10'),(562,13,51,'Entertaining, but a few slow spots kept me from loving it.',6,'2024-08-31'),(563,18,37,'Entertaining, but a few slow spots kept me from loving it.',7,'2025-01-24'),(564,19,115,'Strong acting but story felt a bit predictable.',9,'2024-04-30'),(565,52,55,'Fantastic film with superb performances and stunning visuals.',8,'2024-05-22'),(566,21,195,'A thrilling ride from start to finishhighly recommend!',1,'2025-03-03'),(567,36,355,'Great script and excellent pacing, couldnt look away.',9,'2024-06-18'),(568,22,2,'Good for a onetime watch; not sure Id revisit it frequently.',6,'2024-10-10'),(569,11,418,'Good for a onetime watch; not sure Id revisit it frequently.',1,'2024-12-02'),(570,53,438,'Entertaining, but a few slow spots kept me from loving it.',10,'2024-09-24'),(571,24,54,'A masterpieceone of the best movies Ive seen this year.',7,'2025-01-06'),(572,4,428,'Good for a onetime watch; not sure Id revisit it frequently.',5,'2024-12-28'),(573,41,336,'A thrilling ride from start to finishhighly recommend!',1,'2025-04-09'),(574,30,81,'Great script and excellent pacing, couldnt look away.',1,'2024-05-28'),(575,25,364,'Laughoutloud funny in places and genuinely moving in others.',7,'2024-06-08'),(576,1,209,'Entertaining, but a few slow spots kept me from loving it.',7,'2024-07-05'),(577,53,229,'Fantastic film with superb performances and stunning visuals.',2,'2024-06-30'),(578,41,223,'Entertaining, but a few slow spots kept me from loving it.',9,'2025-02-22'),(579,42,6,'An emotional journey that really stayed with me afterward.',2,'2025-04-16'),(580,15,165,'Strong acting but story felt a bit predictable.',4,'2024-08-03'),(581,6,52,'Entertaining, but a few slow spots kept me from loving it.',1,'2025-03-04'),(582,15,471,'Fantastic film with superb performances and stunning visuals.',3,'2024-05-28'),(583,13,249,'A thrilling ride from start to finishhighly recommend!',3,'2024-10-01'),(584,25,45,'An emotional journey that really stayed with me afterward.',9,'2024-12-13'),(585,40,212,'Entertaining, but a few slow spots kept me from loving it.',3,'2024-06-19'),(586,47,301,'Fantastic film with superb performances and stunning visuals.',5,'2024-04-28'),(587,38,480,'A thrilling ride from start to finishhighly recommend!',9,'2024-06-07'),(588,43,226,'Good for a onetime watch; not sure Id revisit it frequently.',7,'2024-11-26'),(589,14,495,'Great script and excellent pacing, couldnt look away.',7,'2024-06-20'),(590,28,46,'Entertaining, but a few slow spots kept me from loving it.',1,'2024-07-11'),(591,40,392,'An emotional journey that really stayed with me afterward.',6,'2024-08-14'),(592,42,100,'Strong acting but story felt a bit predictable.',8,'2024-11-13'),(593,11,228,'Great script and excellent pacing, couldnt look away.',2,'2024-07-16'),(594,22,293,'Great script and excellent pacing, couldnt look away.',6,'2024-07-08'),(595,11,7,'A thrilling ride from start to finishhighly recommend!',2,'2024-12-13'),(596,38,404,'Fantastic film with superb performances and stunning visuals.',3,'2024-04-25'),(597,23,187,'An emotional journey that really stayed with me afterward.',5,'2025-01-04'),(598,24,119,'Fantastic film with superb performances and stunning visuals.',10,'2024-08-13'),(599,27,439,'Fantastic film with superb performances and stunning visuals.',3,'2025-01-23'),(600,11,372,'An emotional journey that really stayed with me afterward.',5,'2024-12-16'),(601,33,496,'Strong acting but story felt a bit predictable.',2,'2024-09-19'),(602,27,234,'Fantastic film with superb performances and stunning visuals.',4,'2024-10-07'),(603,32,9,'A thrilling ride from start to finishhighly recommend!',4,'2024-12-01'),(604,7,197,'An emotional journey that really stayed with me afterward.',8,'2025-02-23'),(605,2,386,'Beautiful cinematography, though the plot was average.',7,'2024-10-03'),(606,56,209,'A masterpieceone of the best movies Ive seen this year.',10,'2024-06-26'),(607,52,325,'An emotional journey that really stayed with me afterward.',9,'2024-10-09'),(608,32,122,'A masterpieceone of the best movies Ive seen this year.',3,'2025-01-16'),(609,24,135,'Beautiful cinematography, though the plot was average.',9,'2024-08-01'),(610,35,345678,'A masterpieceone of the best movies Ive seen this year.',8,'2024-07-03'),(611,40,357,'Beautiful cinematography, though the plot was average.',6,'2025-03-05'),(612,28,263,'Strong acting but story felt a bit predictable.',9,'2024-06-21'),(613,42,479,'An emotional journey that really stayed with me afterward.',9,'2024-10-29'),(614,16,387,'Laughoutloud funny in places and genuinely moving in others.',3,'2024-09-16'),(615,29,252,'An emotional journey that really stayed with me afterward.',8,'2024-06-18'),(616,36,432,'A masterpieceone of the best movies Ive seen this year.',1,'2024-11-23'),(617,39,458,'Entertaining, but a few slow spots kept me from loving it.',7,'2025-01-24'),(618,40,453,'A masterpieceone of the best movies Ive seen this year.',1,'2024-11-15'),(619,44,395,'Laughoutloud funny in places and genuinely moving in others.',3,'2024-06-03'),(620,41,435,'Great script and excellent pacing, couldnt look away.',2,'2024-09-28'),(621,31,178,'Great script and excellent pacing, couldnt look away.',6,'2024-06-13'),(622,56,164,'Good for a onetime watch; not sure Id revisit it frequently.',10,'2025-03-18'),(623,1,55,'Fantastic film with superb performances and stunning visuals.',4,'2024-08-18'),(624,18,430,'Great script and excellent pacing, couldnt look away.',8,'2024-09-17'),(625,1,121,'Good for a onetime watch; not sure Id revisit it frequently.',2,'2024-07-03'),(626,47,42,'Fantastic film with superb performances and stunning visuals.',10,'2024-08-31'),(627,29,382,'Beautiful cinematography, though the plot was average.',10,'2025-01-04'),(628,39,396,'Laughoutloud funny in places and genuinely moving in others.',1,'2024-09-04'),(629,35,276,'Entertaining, but a few slow spots kept me from loving it.',8,'2024-07-01'),(630,8,198,'Strong acting but story felt a bit predictable.',8,'2025-01-03'),(631,43,392,'Great script and excellent pacing, couldnt look away.',9,'2024-11-27'),(632,53,419,'Fantastic film with superb performances and stunning visuals.',10,'2024-11-18'),(633,31,490,'Beautiful cinematography, though the plot was average.',4,'2025-03-02'),(634,40,234,'Strong acting but story felt a bit predictable.',8,'2025-01-02'),(635,7,212,'Fantastic film with superb performances and stunning visuals.',6,'2024-09-13'),(636,30,192,'A masterpieceone of the best movies Ive seen this year.',7,'2025-04-17'),(637,56,171,'Good for a onetime watch; not sure Id revisit it frequently.',7,'2024-09-24'),(638,36,223,'Entertaining, but a few slow spots kept me from loving it.',8,'2024-09-22'),(639,13,121,'Fantastic film with superb performances and stunning visuals.',8,'2024-05-12'),(640,40,364,'Beautiful cinematography, though the plot was average.',9,'2024-11-17'),(641,45,177,'A thrilling ride from start to finishhighly recommend!',4,'2025-03-01'),(642,8,403,'Strong acting but story felt a bit predictable.',6,'2024-09-20'),(643,42,459,'Great script and excellent pacing, couldnt look away.',2,'2024-05-28'),(644,41,213,'Entertaining, but a few slow spots kept me from loving it.',5,'2024-06-26'),(645,56,10,'Strong acting but story felt a bit predictable.',4,'2024-10-05'),(646,48,63,'Entertaining, but a few slow spots kept me from loving it.',9,'2025-04-09'),(647,21,358,'Good for a onetime watch; not sure Id revisit it frequently.',8,'2024-06-26'),(648,32,319,'Good for a onetime watch; not sure Id revisit it frequently.',6,'2024-09-11'),(649,55,450,'Great script and excellent pacing, couldnt look away.',2,'2024-11-13'),(650,49,499,'Entertaining, but a few slow spots kept me from loving it.',5,'2025-02-14'),(651,56,237,'Good for a onetime watch; not sure Id revisit it frequently.',10,'2024-07-15'),(652,20,322,'An emotional journey that really stayed with me afterward.',5,'2024-10-24'),(653,14,277,'Fantastic film with superb performances and stunning visuals.',9,'2025-03-27'),(654,57,167,'Good for a onetime watch; not sure Id revisit it frequently.',9,'2024-11-29'),(655,25,334,'Great script and excellent pacing, couldnt look away.',7,'2024-05-09'),(656,30,406,'Strong acting but story felt a bit predictable.',8,'2024-11-04'),(657,3,206,'Entertaining, but a few slow spots kept me from loving it.',4,'2024-12-10'),(658,40,456,'Good for a onetime watch; not sure Id revisit it frequently.',1,'2025-02-21'),(659,29,204,'Great script and excellent pacing, couldnt look away.',9,'2024-05-07'),(660,45,428,'Beautiful cinematography, though the plot was average.',8,'2024-12-14'),(661,13,227,'Fantastic film with superb performances and stunning visuals.',2,'2024-08-16'),(662,44,171,'Good for a onetime watch; not sure Id revisit it frequently.',8,'2024-06-07'),(663,18,224,'Good for a onetime watch; not sure Id revisit it frequently.',2,'2025-03-11'),(664,34,320,'Entertaining, but a few slow spots kept me from loving it.',8,'2024-10-02'),(665,51,18,'Fantastic film with superb performances and stunning visuals.',10,'2024-05-27'),(666,16,352,'Entertaining, but a few slow spots kept me from loving it.',10,'2024-07-23'),(667,4,493,'Strong acting but story felt a bit predictable.',10,'2024-11-18'),(668,26,317,'An emotional journey that really stayed with me afterward.',6,'2025-01-26'),(669,45,28,'An emotional journey that really stayed with me afterward.',8,'2024-06-14'),(670,45,500,'Laughoutloud funny in places and genuinely moving in others.',3,'2024-10-17'),(671,44,470,'A masterpieceone of the best movies Ive seen this year.',1,'2024-12-11'),(672,33,114,'Beautiful cinematography, though the plot was average.',9,'2024-09-08'),(673,7,421,'Fantastic film with superb performances and stunning visuals.',2,'2024-10-20'),(674,41,373,'Strong acting but story felt a bit predictable.',2,'2024-08-08'),(675,44,263,'Entertaining, but a few slow spots kept me from loving it.',3,'2024-06-30'),(676,43,234,'A masterpieceone of the best movies Ive seen this year.',4,'2025-04-16'),(677,46,14,'Laughoutloud funny in places and genuinely moving in others.',2,'2025-02-19'),(678,45,286,'Fantastic film with superb performances and stunning visuals.',2,'2025-01-10'),(679,24,126,'Good for a onetime watch; not sure Id revisit it frequently.',6,'2024-05-01'),(680,7,174,'Entertaining, but a few slow spots kept me from loving it.',3,'2024-06-02'),(681,52,148,'Good for a onetime watch; not sure Id revisit it frequently.',9,'2024-12-19'),(682,15,386,'A masterpieceone of the best movies Ive seen this year.',5,'2024-12-19'),(683,54,65,'Strong acting but story felt a bit predictable.',6,'2025-02-23'),(684,40,497,'A thrilling ride from start to finishhighly recommend!',4,'2024-05-15'),(685,48,261,'Laughoutloud funny in places and genuinely moving in others.',6,'2025-03-02'),(686,26,284,'Entertaining, but a few slow spots kept me from loving it.',8,'2024-08-16'),(687,30,307,'A masterpieceone of the best movies Ive seen this year.',10,'2024-04-23'),(688,18,253,'Entertaining, but a few slow spots kept me from loving it.',7,'2025-03-13'),(689,33,27,'Fantastic film with superb performances and stunning visuals.',4,'2024-05-21'),(690,46,26,'A masterpieceone of the best movies Ive seen this year.',1,'2024-05-03'),(691,46,74,'Entertaining, but a few slow spots kept me from loving it.',1,'2025-03-08'),(692,36,109,'Laughoutloud funny in places and genuinely moving in others.',2,'2025-03-15'),(693,4,388,'Good for a onetime watch; not sure Id revisit it frequently.',9,'2024-09-18'),(694,26,409,'A masterpieceone of the best movies Ive seen this year.',8,'2024-08-04'),(695,16,232,'Fantastic film with superb performances and stunning visuals.',2,'2024-06-02'),(696,34,494,'Great script and excellent pacing, couldnt look away.',1,'2025-02-09'),(697,49,74,'Strong acting but story felt a bit predictable.',2,'2024-12-19'),(698,7,265,'A thrilling ride from start to finishhighly recommend!',1,'2024-09-20'),(699,33,148,'A masterpieceone of the best movies Ive seen this year.',3,'2024-11-17'),(700,16,486,'An emotional journey that really stayed with me afterward.',5,'2024-11-27'),(701,2,81,'Good for a onetime watch; not sure Id revisit it frequently.',3,'2024-10-21'),(702,10,444,'A thrilling ride from start to finishhighly recommend!',8,'2025-01-07'),(703,22,319,'Entertaining, but a few slow spots kept me from loving it.',5,'2025-03-14'),(704,23,499,'Fantastic film with superb performances and stunning visuals.',4,'2024-06-04'),(705,46,497,'Strong acting but story felt a bit predictable.',2,'2024-08-18'),(706,53,256,'Strong acting but story felt a bit predictable.',9,'2024-06-15'),(707,39,388,'Beautiful cinematography, though the plot was average.',9,'2024-09-28'),(708,18,296,'A thrilling ride from start to finishhighly recommend!',3,'2024-11-03'),(709,8,187,'Great script and excellent pacing, couldnt look away.',3,'2025-01-10'),(710,27,418,'Beautiful cinematography, though the plot was average.',8,'2025-01-24'),(711,10,489,'Strong acting but story felt a bit predictable.',1,'2024-04-22'),(712,26,129,'Good for a onetime watch; not sure Id revisit it frequently.',10,'2024-10-06'),(713,3,306,'Good for a onetime watch; not sure Id revisit it frequently.',8,'2025-04-11'),(714,20,293,'Fantastic film with superb performances and stunning visuals.',10,'2024-08-11'),(715,54,70,'Strong acting but story felt a bit predictable.',8,'2025-03-17'),(716,20,16,'A masterpieceone of the best movies Ive seen this year.',3,'2025-02-20'),(717,36,91,'Fantastic film with superb performances and stunning visuals.',9,'2025-03-04'),(718,25,405,'Strong acting but story felt a bit predictable.',5,'2024-07-27'),(719,22,338,'Strong acting but story felt a bit predictable.',10,'2024-07-23'),(720,25,354,'An emotional journey that really stayed with me afterward.',9,'2024-10-07'),(721,46,171,'Fantastic film with superb performances and stunning visuals.',6,'2024-10-15'),(722,18,474,'Fantastic film with superb performances and stunning visuals.',6,'2024-12-26'),(723,31,286,'Entertaining, but a few slow spots kept me from loving it.',4,'2024-12-22'),(724,32,210,'Strong acting but story felt a bit predictable.',10,'2025-01-30'),(725,47,333,'Strong acting but story felt a bit predictable.',7,'2024-08-04'),(726,34,262,'Beautiful cinematography, though the plot was average.',5,'2024-08-14'),(727,1,189,'Entertaining, but a few slow spots kept me from loving it.',10,'2025-01-16'),(728,44,34,'An emotional journey that really stayed with me afterward.',3,'2024-09-02'),(729,46,347,'Entertaining, but a few slow spots kept me from loving it.',4,'2024-11-17'),(730,16,305,'A thrilling ride from start to finishhighly recommend!',1,'2024-10-09'),(731,16,14,'Beautiful cinematography, though the plot was average.',2,'2024-07-26'),(732,53,332,'An emotional journey that really stayed with me afterward.',7,'2024-10-04'),(733,4,353,'Entertaining, but a few slow spots kept me from loving it.',6,'2024-12-02'),(734,14,65,'Strong acting but story felt a bit predictable.',4,'2024-10-05'),(735,15,14,'A masterpieceone of the best movies Ive seen this year.',3,'2024-10-24'),(736,23,310,'A masterpieceone of the best movies Ive seen this year.',6,'2025-04-14'),(737,31,199,'Great script and excellent pacing, couldnt look away.',2,'2025-04-06'),(738,11,264,'Strong acting but story felt a bit predictable.',4,'2024-10-14'),(739,19,159,'Good for a onetime watch; not sure Id revisit it frequently.',4,'2024-05-26'),(740,37,397,'An emotional journey that really stayed with me afterward.',4,'2024-06-02'),(741,35,76,'Good for a onetime watch; not sure Id revisit it frequently.',7,'2024-10-02'),(742,12,273,'A masterpieceone of the best movies Ive seen this year.',9,'2025-01-14'),(743,17,285,'Good for a onetime watch; not sure Id revisit it frequently.',1,'2024-09-11'),(744,16,226,'Fantastic film with superb performances and stunning visuals.',2,'2024-09-02'),(745,42,112,'Entertaining, but a few slow spots kept me from loving it.',1,'2024-08-14'),(746,19,200,'Beautiful cinematography, though the plot was average.',4,'2024-12-25'),(747,8,71,'A masterpieceone of the best movies Ive seen this year.',2,'2024-06-28'),(748,16,482,'An emotional journey that really stayed with me afterward.',3,'2024-07-31'),(749,56,225,'A thrilling ride from start to finishhighly recommend!',1,'2024-07-16'),(750,49,364,'Good for a onetime watch; not sure Id revisit it frequently.',10,'2024-05-11'),(751,24,40,'A masterpieceone of the best movies Ive seen this year.',10,'2024-08-18'),(752,1,178,'Fantastic film with superb performances and stunning visuals.',3,'2024-12-26'),(753,48,291,'Good for a onetime watch; not sure Id revisit it frequently.',10,'2024-07-02'),(754,40,132,'A thrilling ride from start to finishhighly recommend!',6,'2024-11-28'),(755,43,170,'An emotional journey that really stayed with me afterward.',4,'2025-01-20'),(756,57,320,'A thrilling ride from start to finishhighly recommend!',4,'2024-08-15'),(757,28,130,'Great script and excellent pacing, couldnt look away.',10,'2024-06-16'),(758,6,110,'An emotional journey that really stayed with me afterward.',4,'2025-04-11'),(759,29,496,'Entertaining, but a few slow spots kept me from loving it.',7,'2025-04-02'),(760,10,488,'Laughoutloud funny in places and genuinely moving in others.',7,'2024-05-19'),(761,11,463,'A masterpieceone of the best movies Ive seen this year.',3,'2025-01-12'),(762,8,257,'Strong acting but story felt a bit predictable.',10,'2024-11-10'),(763,50,291,'Great script and excellent pacing, couldnt look away.',9,'2025-02-10'),(764,50,327,'A masterpieceone of the best movies Ive seen this year.',10,'2024-10-02'),(765,57,474,'Great script and excellent pacing, couldnt look away.',5,'2024-06-24'),(766,24,323,'Beautiful cinematography, though the plot was average.',4,'2025-02-05'),(767,47,456789,'Strong acting but story felt a bit predictable.',8,'2025-01-29'),(768,25,458,'Fantastic film with superb performances and stunning visuals.',10,'2024-08-02'),(769,26,455,'An emotional journey that really stayed with me afterward.',10,'2024-05-13'),(770,29,60,'Entertaining, but a few slow spots kept me from loving it.',10,'2025-01-30'),(771,29,106,'Beautiful cinematography, though the plot was average.',6,'2025-02-20'),(772,1,352,'Beautiful cinematography, though the plot was average.',9,'2024-11-04'),(773,41,352,'Laughoutloud funny in places and genuinely moving in others.',4,'2024-12-26'),(774,43,341,'Beautiful cinematography, though the plot was average.',9,'2024-10-06'),(775,15,430,'Great script and excellent pacing, couldnt look away.',1,'2024-12-21'),(776,1,298,'Fantastic film with superb performances and stunning visuals.',5,'2024-06-20'),(777,19,282,'Strong acting but story felt a bit predictable.',3,'2024-05-31'),(778,55,199,'Great script and excellent pacing, couldnt look away.',9,'2024-11-04'),(779,48,389,'A thrilling ride from start to finishhighly recommend!',8,'2025-01-10'),(780,17,240,'Laughoutloud funny in places and genuinely moving in others.',1,'2024-10-21'),(781,57,445,'A thrilling ride from start to finishhighly recommend!',2,'2024-12-06'),(782,26,295,'A masterpieceone of the best movies Ive seen this year.',8,'2024-11-02'),(783,14,221,'Beautiful cinematography, though the plot was average.',4,'2025-01-26'),(784,32,252,'Laughoutloud funny in places and genuinely moving in others.',1,'2024-09-05'),(785,20,172,'Entertaining, but a few slow spots kept me from loving it.',9,'2025-03-31'),(786,36,198,'Good for a onetime watch; not sure Id revisit it frequently.',3,'2024-12-12'),(787,7,320,'An emotional journey that really stayed with me afterward.',6,'2025-03-26'),(788,1,59,'Fantastic film with superb performances and stunning visuals.',10,'2024-10-12'),(789,22,502,'Beautiful cinematography, though the plot was average.',5,'2024-08-24'),(790,46,201,'Entertaining, but a few slow spots kept me from loving it.',7,'2024-06-05'),(791,27,245,'Great script and excellent pacing, couldnt look away.',10,'2024-08-18'),(792,54,287,'Fantastic film with superb performances and stunning visuals.',10,'2024-10-02'),(793,2,263,'Beautiful cinematography, though the plot was average.',3,'2024-11-14'),(794,50,230,'Entertaining, but a few slow spots kept me from loving it.',5,'2024-06-25'),(795,14,372,'Strong acting but story felt a bit predictable.',9,'2024-06-16'),(796,35,491,'Laughoutloud funny in places and genuinely moving in others.',5,'2024-08-22'),(797,42,366,'Beautiful cinematography, though the plot was average.',6,'2025-03-05'),(798,4,477,'A masterpieceone of the best movies Ive seen this year.',10,'2024-07-25'),(799,52,346,'Beautiful cinematography, though the plot was average.',7,'2025-01-21'),(800,47,194,'A masterpieceone of the best movies Ive seen this year.',8,'2024-07-15'),(801,49,342,'Fantastic film with superb performances and stunning visuals.',1,'2025-03-10'),(802,11,498,'Good for a onetime watch; not sure Id revisit it frequently.',10,'2024-08-28'),(803,32,278,'Laughoutloud funny in places and genuinely moving in others.',1,'2024-11-13'),(804,32,309,'A thrilling ride from start to finishhighly recommend!',8,'2025-03-10'),(805,16,173,'A thrilling ride from start to finishhighly recommend!',6,'2024-09-23'),(806,14,463,'A thrilling ride from start to finishhighly recommend!',8,'2024-12-06'),(807,32,205,'Beautiful cinematography, though the plot was average.',1,'2024-08-09'),(808,47,372,'A thrilling ride from start to finishhighly recommend!',3,'2024-10-06'),(809,23,74,'A masterpieceone of the best movies Ive seen this year.',2,'2024-06-22'),(810,16,462,'Fantastic film with superb performances and stunning visuals.',6,'2024-10-17'),(811,49,164,'A masterpieceone of the best movies Ive seen this year.',7,'2025-01-30'),(812,24,22,'An emotional journey that really stayed with me afterward.',6,'2025-03-30'),(813,36,201,'Good for a onetime watch; not sure Id revisit it frequently.',4,'2024-06-11'),(814,16,227,'Entertaining, but a few slow spots kept me from loving it.',1,'2025-02-07'),(815,17,301,'Fantastic film with superb performances and stunning visuals.',9,'2024-12-26'),(816,22,431,'Beautiful cinematography, though the plot was average.',6,'2024-12-17'),(817,1,274,'A thrilling ride from start to finishhighly recommend!',3,'2024-05-03'),(818,48,205,'An emotional journey that really stayed with me afterward.',3,'2025-01-24'),(819,4,415,'Strong acting but story felt a bit predictable.',4,'2024-08-23'),(820,43,304,'Fantastic film with superb performances and stunning visuals.',8,'2024-08-03'),(821,13,305,'Strong acting but story felt a bit predictable.',2,'2024-10-23'),(822,48,442,'Fantastic film with superb performances and stunning visuals.',2,'2024-07-20'),(823,28,282,'Fantastic film with superb performances and stunning visuals.',8,'2024-08-26'),(824,39,198,'A thrilling ride from start to finishhighly recommend!',4,'2025-02-06'),(825,13,47,'A thrilling ride from start to finishhighly recommend!',1,'2024-05-06'),(826,22,494,'Good for a onetime watch; not sure Id revisit it frequently.',10,'2025-04-11'),(827,12,492,'A thrilling ride from start to finishhighly recommend!',1,'2025-04-21'),(828,12,116,'Good for a onetime watch; not sure Id revisit it frequently.',6,'2024-05-27'),(829,2,100,'Strong acting but story felt a bit predictable.',9,'2024-07-28'),(830,35,354,'Fantastic film with superb performances and stunning visuals.',10,'2025-01-06'),(831,45,270,'Strong acting but story felt a bit predictable.',7,'2025-02-10'),(832,41,436,'Entertaining, but a few slow spots kept me from loving it.',5,'2025-03-04'),(833,9,196,'An emotional journey that really stayed with me afterward.',2,'2024-05-11'),(834,9,348,'Laughoutloud funny in places and genuinely moving in others.',10,'2024-12-08'),(835,41,36,'A thrilling ride from start to finishhighly recommend!',6,'2025-04-08'),(836,14,379,'A masterpieceone of the best movies Ive seen this year.',6,'2024-05-29'),(837,50,216,'Great script and excellent pacing, couldnt look away.',8,'2024-09-14'),(838,18,298,'Good for a onetime watch; not sure Id revisit it frequently.',8,'2025-02-16'),(839,9,118,'Good for a onetime watch; not sure Id revisit it frequently.',6,'2025-03-06'),(840,56,234567,'Strong acting but story felt a bit predictable.',6,'2024-11-06'),(841,43,235,'Beautiful cinematography, though the plot was average.',6,'2025-04-13'),(842,52,362,'An emotional journey that really stayed with me afterward.',9,'2024-12-22'),(843,9,240,'Fantastic film with superb performances and stunning visuals.',5,'2024-07-12'),(844,10,210,'Laughoutloud funny in places and genuinely moving in others.',10,'2024-05-14'),(845,57,469,'Beautiful cinematography, though the plot was average.',1,'2024-12-10'),(846,44,306,'Laughoutloud funny in places and genuinely moving in others.',2,'2025-02-17'),(847,39,135,'Entertaining, but a few slow spots kept me from loving it.',9,'2024-07-11'),(848,55,420,'Fantastic film with superb performances and stunning visuals.',6,'2024-09-28'),(849,30,395,'Beautiful cinematography, though the plot was average.',4,'2024-05-30'),(850,37,240,'Entertaining, but a few slow spots kept me from loving it.',4,'2024-09-17'),(851,38,204,'Strong acting but story felt a bit predictable.',1,'2025-04-13'),(852,10,220,'Great script and excellent pacing, couldnt look away.',5,'2025-03-03'),(853,5,218,'Beautiful cinematography, though the plot was average.',8,'2025-02-24'),(854,13,81,'Laughoutloud funny in places and genuinely moving in others.',2,'2025-03-23'),(855,54,425,'Strong acting but story felt a bit predictable.',1,'2025-02-13'),(856,41,306,'Beautiful cinematography, though the plot was average.',5,'2024-10-24'),(857,32,65,'Good for a onetime watch; not sure Id revisit it frequently.',3,'2025-03-01'),(858,37,337,'Fantastic film with superb performances and stunning visuals.',7,'2025-03-14'),(859,11,367,'Good for a onetime watch; not sure Id revisit it frequently.',1,'2024-11-17'),(860,16,488,'A thrilling ride from start to finishhighly recommend!',3,'2024-05-03'),(861,52,413,'A thrilling ride from start to finishhighly recommend!',7,'2024-08-05'),(862,43,454,'Good for a onetime watch; not sure Id revisit it frequently.',8,'2024-08-23'),(863,35,327,'A masterpieceone of the best movies Ive seen this year.',10,'2024-07-28'),(864,57,455,'Fantastic film with superb performances and stunning visuals.',5,'2024-06-26'),(865,42,126,'A thrilling ride from start to finishhighly recommend!',4,'2024-09-11'),(866,17,251,'A masterpieceone of the best movies Ive seen this year.',3,'2025-01-20'),(867,12,32,'Laughoutloud funny in places and genuinely moving in others.',7,'2024-09-03'),(868,33,453,'Strong acting but story felt a bit predictable.',9,'2025-03-19'),(869,32,450,'Laughoutloud funny in places and genuinely moving in others.',9,'2024-08-27'),(870,43,470,'Laughoutloud funny in places and genuinely moving in others.',3,'2024-05-27'),(871,18,497,'Laughoutloud funny in places and genuinely moving in others.',7,'2024-10-17'),(872,42,40,'A masterpieceone of the best movies Ive seen this year.',10,'2024-06-26'),(873,19,333,'A masterpieceone of the best movies Ive seen this year.',3,'2024-11-29'),(874,30,321,'Great script and excellent pacing, couldnt look away.',3,'2024-05-10'),(875,17,504,'Fantastic film with superb performances and stunning visuals.',6,'2024-09-05'),(876,47,365,'Strong acting but story felt a bit predictable.',6,'2025-01-26'),(877,25,151,'A thrilling ride from start to finishhighly recommend!',3,'2024-07-14'),(878,16,464,'Great script and excellent pacing, couldnt look away.',10,'2024-07-30'),(879,4,433,'Great script and excellent pacing, couldnt look away.',7,'2025-02-06'),(880,26,321,'Entertaining, but a few slow spots kept me from loving it.',6,'2024-07-16'),(881,5,349,'Strong acting but story felt a bit predictable.',9,'2024-09-21'),(882,37,74,'Great script and excellent pacing, couldnt look away.',10,'2024-06-09'),(883,18,316,'Fantastic film with superb performances and stunning visuals.',4,'2024-10-22'),(884,52,242,'A thrilling ride from start to finishhighly recommend!',7,'2024-05-10'),(885,51,106,'Entertaining, but a few slow spots kept me from loving it.',7,'2024-05-30'),(886,47,86,'Strong acting but story felt a bit predictable.',1,'2025-02-24'),(887,12,20,'Strong acting but story felt a bit predictable.',2,'2025-02-04'),(888,38,278,'A masterpieceone of the best movies Ive seen this year.',8,'2025-03-12'),(889,31,481,'Great script and excellent pacing, couldnt look away.',9,'2025-03-05'),(890,26,24,'Good for a onetime watch; not sure Id revisit it frequently.',9,'2024-10-24'),(891,15,76,'Fantastic film with superb performances and stunning visuals.',1,'2025-03-14'),(892,6,382,'Fantastic film with superb performances and stunning visuals.',10,'2024-06-12'),(893,45,367,'Good for a onetime watch; not sure Id revisit it frequently.',6,'2025-03-16'),(894,32,294,'Laughoutloud funny in places and genuinely moving in others.',4,'2024-11-12'),(895,3,176,'A masterpieceone of the best movies Ive seen this year.',4,'2024-06-29'),(896,36,235,'Strong acting but story felt a bit predictable.',2,'2024-10-27'),(897,52,498,'A masterpieceone of the best movies Ive seen this year.',4,'2025-03-12'),(898,18,3,'A masterpieceone of the best movies Ive seen this year.',6,'2024-09-25'),(899,33,339,'Good for a onetime watch; not sure Id revisit it frequently.',1,'2024-11-19'),(900,29,461,'An emotional journey that really stayed with me afterward.',3,'2024-09-23'),(901,3,192,'A thrilling ride from start to finishhighly recommend!',10,'2025-01-10'),(902,44,403,'Fantastic film with superb performances and stunning visuals.',10,'2024-12-30'),(903,44,77,'A masterpieceone of the best movies Ive seen this year.',8,'2024-09-21'),(904,19,452,'A thrilling ride from start to finishhighly recommend!',1,'2024-05-11'),(905,49,94,'A masterpieceone of the best movies Ive seen this year.',3,'2024-12-11'),(906,5,337,'Great script and excellent pacing, couldnt look away.',8,'2024-06-14'),(907,49,252,'An emotional journey that really stayed with me afterward.',10,'2025-03-09'),(908,47,395,'Entertaining, but a few slow spots kept me from loving it.',1,'2025-03-11'),(909,5,390,'Fantastic film with superb performances and stunning visuals.',8,'2024-11-08'),(910,38,306,'Strong acting but story felt a bit predictable.',1,'2024-08-06'),(911,26,42,'Entertaining, but a few slow spots kept me from loving it.',8,'2024-12-05'),(912,38,410,'An emotional journey that really stayed with me afterward.',3,'2024-12-31'),(913,54,468,'Great script and excellent pacing, couldnt look away.',4,'2024-04-26'),(914,53,68,'An emotional journey that really stayed with me afterward.',8,'2024-04-24'),(915,43,245,'Good for a onetime watch; not sure Id revisit it frequently.',4,'2024-10-04'),(916,44,52,'A thrilling ride from start to finishhighly recommend!',5,'2024-06-15'),(917,45,50,'Beautiful cinematography, though the plot was average.',8,'2025-03-31'),(918,49,208,'Beautiful cinematography, though the plot was average.',1,'2024-09-19'),(919,10,266,'Great script and excellent pacing, couldnt look away.',3,'2024-11-02'),(920,44,344,'A masterpieceone of the best movies Ive seen this year.',10,'2024-09-20'),(921,54,134,'An emotional journey that really stayed with me afterward.',10,'2025-04-05'),(922,15,387,'Strong acting but story felt a bit predictable.',4,'2024-11-30'),(923,54,207,'Laughoutloud funny in places and genuinely moving in others.',3,'2024-07-01'),(924,22,134,'Fantastic film with superb performances and stunning visuals.',9,'2024-04-28'),(925,26,268,'Entertaining, but a few slow spots kept me from loving it.',10,'2024-12-07'),(926,43,488,'Entertaining, but a few slow spots kept me from loving it.',6,'2024-12-08'),(927,27,373,'Fantastic film with superb performances and stunning visuals.',1,'2024-10-28'),(928,12,318,'A masterpieceone of the best movies Ive seen this year.',8,'2024-06-07'),(929,48,154,'Entertaining, but a few slow spots kept me from loving it.',4,'2024-09-21'),(930,39,139,'Great script and excellent pacing, couldnt look away.',8,'2024-05-28'),(931,4,273,'Strong acting but story felt a bit predictable.',6,'2024-12-04'),(932,30,174,'Fantastic film with superb performances and stunning visuals.',8,'2024-12-16'),(933,23,381,'Good for a onetime watch; not sure Id revisit it frequently.',1,'2025-01-24'),(934,56,327,'Entertaining, but a few slow spots kept me from loving it.',5,'2025-03-27'),(935,37,467,'A masterpieceone of the best movies Ive seen this year.',4,'2024-07-28'),(936,41,191,'Strong acting but story felt a bit predictable.',4,'2024-10-25'),(937,11,157,'Fantastic film with superb performances and stunning visuals.',2,'2024-07-21'),(938,42,311,'Fantastic film with superb performances and stunning visuals.',4,'2024-10-30'),(939,6,185,'A masterpieceone of the best movies Ive seen this year.',10,'2024-05-22'),(940,51,138,'Strong acting but story felt a bit predictable.',6,'2024-10-16'),(941,57,298,'Great script and excellent pacing, couldnt look away.',5,'2024-12-13'),(942,14,496,'Fantastic film with superb performances and stunning visuals.',1,'2024-11-16'),(943,4,310,'Beautiful cinematography, though the plot was average.',3,'2024-06-12'),(944,18,320,'A masterpieceone of the best movies Ive seen this year.',2,'2024-06-19'),(945,33,344,'An emotional journey that really stayed with me afterward.',8,'2025-03-24'),(946,3,489,'Beautiful cinematography, though the plot was average.',6,'2024-12-19'),(947,24,200,'A masterpieceone of the best movies Ive seen this year.',7,'2024-10-24'),(948,41,427,'Good for a onetime watch; not sure Id revisit it frequently.',10,'2024-04-26'),(949,53,170,'Beautiful cinematography, though the plot was average.',7,'2024-09-02'),(950,10,455,'An emotional journey that really stayed with me afterward.',4,'2024-07-31'),(951,7,451,'A masterpieceone of the best movies Ive seen this year.',5,'2024-11-16'),(952,23,492,'Entertaining, but a few slow spots kept me from loving it.',3,'2024-06-05'),(953,18,82,'Fantastic film with superb performances and stunning visuals.',4,'2024-09-08'),(954,3,311,'A masterpieceone of the best movies Ive seen this year.',5,'2024-11-24'),(955,45,17,'Great script and excellent pacing, couldnt look away.',6,'2024-06-23'),(956,54,236,'An emotional journey that really stayed with me afterward.',1,'2024-08-24'),(957,17,92,'Strong acting but story felt a bit predictable.',5,'2024-08-20'),(958,57,462,'Laughoutloud funny in places and genuinely moving in others.',9,'2024-06-29'),(959,55,20,'Fantastic film with superb performances and stunning visuals.',7,'2025-04-15'),(960,25,144,'Beautiful cinematography, though the plot was average.',2,'2025-02-26'),(961,27,400,'A masterpieceone of the best movies Ive seen this year.',9,'2025-03-02'),(962,51,487,'Good for a onetime watch; not sure Id revisit it frequently.',2,'2024-06-09'),(963,55,391,'An emotional journey that really stayed with me afterward.',9,'2024-09-08'),(964,15,221,'A masterpieceone of the best movies Ive seen this year.',2,'2024-09-07'),(965,27,193,'Entertaining, but a few slow spots kept me from loving it.',9,'2024-06-23'),(966,55,194,'Beautiful cinematography, though the plot was average.',10,'2025-02-25'),(967,49,368,'Fantastic film with superb performances and stunning visuals.',2,'2024-07-04'),(968,28,80,'Entertaining, but a few slow spots kept me from loving it.',1,'2024-05-24'),(969,13,92,'A masterpieceone of the best movies Ive seen this year.',6,'2024-05-17'),(970,3,219,'Good for a onetime watch; not sure Id revisit it frequently.',6,'2024-06-08'),(971,51,302,'A thrilling ride from start to finishhighly recommend!',6,'2024-10-06'),(972,4,230,'Great script and excellent pacing, couldnt look away.',10,'2024-09-17'),(973,43,173,'Great script and excellent pacing, couldnt look away.',2,'2024-07-06'),(974,47,376,'Entertaining, but a few slow spots kept me from loving it.',8,'2024-09-23'),(975,4,441,'Great script and excellent pacing, couldnt look away.',4,'2024-08-27'),(976,55,462,'Laughoutloud funny in places and genuinely moving in others.',6,'2025-03-05'),(977,9,249,'Entertaining, but a few slow spots kept me from loving it.',2,'2024-11-06'),(978,22,224,'Beautiful cinematography, though the plot was average.',4,'2025-04-10'),(979,52,221,'Strong acting but story felt a bit predictable.',8,'2025-03-27'),(980,30,496,'A thrilling ride from start to finishhighly recommend!',7,'2024-06-01'),(981,10,336,'Strong acting but story felt a bit predictable.',9,'2024-06-28'),(982,15,306,'A masterpieceone of the best movies Ive seen this year.',2,'2024-07-05'),(983,16,379,'Great script and excellent pacing, couldnt look away.',3,'2025-01-03'),(984,57,419,'Good for a onetime watch; not sure Id revisit it frequently.',3,'2024-12-30'),(985,1,86,'An emotional journey that really stayed with me afterward.',5,'2025-01-10'),(986,36,492,'Beautiful cinematography, though the plot was average.',10,'2025-03-17'),(987,4,35,'Great script and excellent pacing, couldnt look away.',7,'2025-02-07'),(988,36,183,'Fantastic film with superb performances and stunning visuals.',2,'2024-11-13'),(989,13,321,'An emotional journey that really stayed with me afterward.',9,'2024-09-26'),(990,18,309,'Laughoutloud funny in places and genuinely moving in others.',9,'2024-08-10'),(991,42,71,'Great script and excellent pacing, couldnt look away.',7,'2025-03-17'),(992,55,432,'A masterpieceone of the best movies Ive seen this year.',6,'2024-10-05'),(993,9,449,'Great script and excellent pacing, couldnt look away.',7,'2024-12-17'),(994,11,50,'A masterpieceone of the best movies Ive seen this year.',5,'2024-12-01'),(995,7,404,'Laughoutloud funny in places and genuinely moving in others.',1,'2024-07-19'),(996,56,142,'Laughoutloud funny in places and genuinely moving in others.',8,'2025-04-03'),(997,14,283,'Strong acting but story felt a bit predictable.',6,'2025-02-08'),(998,34,235,'A thrilling ride from start to finishhighly recommend!',4,'2025-03-15'),(999,17,256,'An emotional journey that really stayed with me afterward.',3,'2024-10-27'),(1000,16,366,'An emotional journey that really stayed with me afterward.',4,'2025-04-11'),(1001,7,169,'Strong acting but story felt a bit predictable.',3,'2024-06-02'),(1002,50,404,'Entertaining, but a few slow spots kept me from loving it.',2,'2024-10-15'),(1003,31,288,'Strong acting but story felt a bit predictable.',9,'2025-04-12'),(1004,9,307,'Fantastic film with superb performances and stunning visuals.',2,'2024-05-16'),(1005,31,357,'Fantastic film with superb performances and stunning visuals.',1,'2024-06-22'),(1006,46,321,'A masterpieceone of the best movies Ive seen this year.',1,'2025-03-12'),(1007,14,394,'Fantastic film with superb performances and stunning visuals.',3,'2025-02-23'),(1008,48,492,'Great script and excellent pacing, couldnt look away.',10,'2024-07-10'),(1009,6,51,'Good for a onetime watch; not sure Id revisit it frequently.',5,'2024-12-04'),(1010,11,80,'Entertaining, but a few slow spots kept me from loving it.',3,'2024-07-06'),(1011,21,60,'Great script and excellent pacing, couldnt look away.',2,'2024-09-09'),(1012,15,475,'Laughoutloud funny in places and genuinely moving in others.',7,'2024-09-18'),(1013,27,414,'Great script and excellent pacing, couldnt look away.',7,'2024-05-14'),(1014,20,256,'A thrilling ride from start to finishhighly recommend!',3,'2024-06-11'),(1015,44,81,'A thrilling ride from start to finishhighly recommend!',1,'2024-05-01'),(1016,28,127,'Strong acting but story felt a bit predictable.',6,'2024-08-20'),(1017,19,378,'Entertaining, but a few slow spots kept me from loving it.',3,'2024-05-12'),(1018,3,453,'Beautiful cinematography, though the plot was average.',9,'2024-06-22'),(1019,47,144,'Entertaining, but a few slow spots kept me from loving it.',5,'2025-02-11'),(1020,55,14,'Good for a onetime watch; not sure Id revisit it frequently.',4,'2024-07-16'),(1021,28,307,'A masterpieceone of the best movies Ive seen this year.',7,'2024-11-09'),(1022,55,68,'Entertaining, but a few slow spots kept me from loving it.',5,'2024-05-18'),(1023,21,211,'A thrilling ride from start to finishhighly recommend!',6,'2025-02-03'),(1024,42,488,'An emotional journey that really stayed with me afterward.',9,'2024-09-18'),(1025,2,356,'Fantastic film with superb performances and stunning visuals.',10,'2024-08-13'),(1026,48,16,'Entertaining, but a few slow spots kept me from loving it.',4,'2024-07-27'),(1027,10,403,'Great script and excellent pacing, couldnt look away.',6,'2024-04-25'),(1028,36,284,'Fantastic film with superb performances and stunning visuals.',10,'2024-10-26'),(1029,34,467,'Strong acting but story felt a bit predictable.',1,'2024-09-01'),(1030,11,483,'Strong acting but story felt a bit predictable.',9,'2024-09-27'),(1031,11,209,'Strong acting but story felt a bit predictable.',1,'2024-06-15'),(1032,42,335,'A masterpieceone of the best movies Ive seen this year.',7,'2025-04-17'),(1033,12,351,'Entertaining, but a few slow spots kept me from loving it.',5,'2024-05-27'),(1034,2,311,'Good for a onetime watch; not sure Id revisit it frequently.',6,'2024-05-03'),(1035,38,53,'A masterpieceone of the best movies Ive seen this year.',7,'2024-12-29'),(1036,22,258,'Great script and excellent pacing, couldnt look away.',6,'2024-05-19'),(1037,23,325,'Strong acting but story felt a bit predictable.',9,'2024-07-05'),(1038,47,428,'Great script and excellent pacing, couldnt look away.',5,'2025-01-28'),(1039,45,314,'Strong acting but story felt a bit predictable.',10,'2024-12-04'),(1040,53,316,'Great script and excellent pacing, couldnt look away.',10,'2024-06-08'),(1041,16,252,'Fantastic film with superb performances and stunning visuals.',5,'2024-05-28'),(1042,23,63,'A thrilling ride from start to finishhighly recommend!',5,'2024-08-06'),(1043,26,286,'Beautiful cinematography, though the plot was average.',3,'2024-10-26'),(1044,42,56,'An emotional journey that really stayed with me afterward.',1,'2024-10-28'),(1045,34,392,'Entertaining, but a few slow spots kept me from loving it.',1,'2024-07-11'),(1046,14,70,'A masterpieceone of the best movies Ive seen this year.',7,'2025-01-12'),(1047,8,53,'A thrilling ride from start to finishhighly recommend!',6,'2024-12-05'),(1048,45,20,'Good for a onetime watch; not sure Id revisit it frequently.',1,'2024-09-08'),(1049,40,478,'Fantastic film with superb performances and stunning visuals.',2,'2024-08-12'),(1050,12,496,'An emotional journey that really stayed with me afterward.',1,'2024-08-26'),(1051,28,122,'Laughoutloud funny in places and genuinely moving in others.',1,'2024-06-12'),(1052,15,128,'Strong acting but story felt a bit predictable.',3,'2025-02-23'),(1053,46,41,'Great script and excellent pacing, couldnt look away.',6,'2024-08-18'),(1054,52,122,'Entertaining, but a few slow spots kept me from loving it.',2,'2024-10-02'),(1055,57,253,'Beautiful cinematography, though the plot was average.',5,'2024-11-11'),(1056,8,56,'Great script and excellent pacing, couldnt look away.',3,'2024-05-01'),(1057,50,56,'A thrilling ride from start to finishhighly recommend!',10,'2025-02-14'),(1058,20,224,'Strong acting but story felt a bit predictable.',9,'2024-08-24'),(1059,23,160,'Fantastic film with superb performances and stunning visuals.',2,'2024-08-11'),(1060,16,415,'Beautiful cinematography, though the plot was average.',5,'2024-08-22'),(1061,39,297,'A thrilling ride from start to finishhighly recommend!',4,'2025-02-06'),(1062,54,75,'Fantastic film with superb performances and stunning visuals.',6,'2024-10-09'),(1063,3,372,'Laughoutloud funny in places and genuinely moving in others.',4,'2025-04-01'),(1064,4,383,'A thrilling ride from start to finishhighly recommend!',3,'2025-04-15'),(1065,33,485,'Laughoutloud funny in places and genuinely moving in others.',7,'2024-10-01'),(1066,42,431,'Fantastic film with superb performances and stunning visuals.',1,'2024-06-03'),(1067,32,10,'Entertaining, but a few slow spots kept me from loving it.',4,'2024-11-07'),(1068,12,430,'An emotional journey that really stayed with me afterward.',9,'2024-11-14'),(1069,36,175,'Good for a onetime watch; not sure Id revisit it frequently.',2,'2024-06-30'),(1070,40,16,'A thrilling ride from start to finishhighly recommend!',5,'2024-04-26'),(1071,52,195,'A thrilling ride from start to finishhighly recommend!',6,'2025-01-19'),(1072,41,69,'Fantastic film with superb performances and stunning visuals.',7,'2024-05-11'),(1073,20,454,'A masterpieceone of the best movies Ive seen this year.',5,'2024-10-22'),(1074,34,472,'Laughoutloud funny in places and genuinely moving in others.',3,'2024-07-05'),(1075,53,101,'Laughoutloud funny in places and genuinely moving in others.',10,'2024-11-22'),(1076,25,308,'Strong acting but story felt a bit predictable.',2,'2025-02-07'),(1077,37,315,'A masterpieceone of the best movies Ive seen this year.',2,'2024-08-10'),(1078,3,349,'Good for a onetime watch; not sure Id revisit it frequently.',2,'2024-04-29'),(1079,34,293,'A thrilling ride from start to finishhighly recommend!',2,'2024-10-28'),(1080,34,4,'Beautiful cinematography, though the plot was average.',9,'2024-10-21'),(1081,31,170,'Entertaining, but a few slow spots kept me from loving it.',9,'2025-03-04'),(1082,53,231,'Laughoutloud funny in places and genuinely moving in others.',5,'2024-04-26'),(1083,9,340,'Entertaining, but a few slow spots kept me from loving it.',3,'2024-05-10'),(1084,3,388,'Strong acting but story felt a bit predictable.',9,'2025-02-05'),(1085,5,176,'A thrilling ride from start to finishhighly recommend!',8,'2025-03-13'),(1086,8,43,'Fantastic film with superb performances and stunning visuals.',2,'2024-07-29'),(1087,13,208,'Great script and excellent pacing, couldnt look away.',6,'2024-06-28'),(1088,18,219,'An emotional journey that really stayed with me afterward.',6,'2025-03-18'),(1089,5,410,'Fantastic film with superb performances and stunning visuals.',7,'2024-07-21'),(1090,41,465,'A thrilling ride from start to finishhighly recommend!',9,'2024-10-06'),(1091,5,16,'An emotional journey that really stayed with me afterward.',2,'2025-01-20'),(1092,54,237,'Entertaining, but a few slow spots kept me from loving it.',3,'2024-07-17'),(1093,37,350,'Great script and excellent pacing, couldnt look away.',4,'2024-10-20'),(1094,12,93,'Good for a onetime watch; not sure Id revisit it frequently.',9,'2024-10-16'),(1095,4,221,'Good for a onetime watch; not sure Id revisit it frequently.',8,'2025-04-01'),(1096,30,503,'Entertaining, but a few slow spots kept me from loving it.',3,'2024-05-22'),(1097,35,412,'Beautiful cinematography, though the plot was average.',6,'2024-06-09'),(1098,51,419,'Fantastic film with superb performances and stunning visuals.',8,'2024-09-29'),(1099,38,464,'An emotional journey that really stayed with me afterward.',7,'2025-01-22'),(1100,18,343,'Great script and excellent pacing, couldnt look away.',7,'2025-04-14'),(1101,50,107,'Strong acting but story felt a bit predictable.',3,'2024-04-27'),(1102,13,241,'A thrilling ride from start to finishhighly recommend!',4,'2025-03-18'),(1103,23,230,'A masterpieceone of the best movies Ive seen this year.',3,'2024-10-06'),(1104,18,185,'Great script and excellent pacing, couldnt look away.',3,'2025-02-06'),(1105,40,389,'A masterpieceone of the best movies Ive seen this year.',4,'2024-05-03'),(1106,38,303,'Good for a onetime watch; not sure Id revisit it frequently.',10,'2024-05-25'),(1107,2,495,'Great script and excellent pacing, couldnt look away.',3,'2025-02-01'),(1108,12,384,'Good for a onetime watch; not sure Id revisit it frequently.',1,'2025-03-09'),(1109,24,312,'Great script and excellent pacing, couldnt look away.',10,'2024-06-05'),(1110,55,89,'An emotional journey that really stayed with me afterward.',9,'2024-10-29'),(1111,43,221,'Fantastic film with superb performances and stunning visuals.',10,'2024-07-04'),(1112,16,38,'Entertaining, but a few slow spots kept me from loving it.',4,'2024-10-09'),(1113,13,215,'Strong acting but story felt a bit predictable.',4,'2024-10-02'),(1114,1,407,'An emotional journey that really stayed with me afterward.',2,'2024-05-26'),(1115,16,17,'A masterpieceone of the best movies Ive seen this year.',1,'2024-12-30'),(1116,2,223,'Strong acting but story felt a bit predictable.',5,'2024-05-12'),(1117,9,142,'Laughoutloud funny in places and genuinely moving in others.',2,'2025-03-29'),(1118,44,202,'Great script and excellent pacing, couldnt look away.',9,'2024-12-25'),(1119,3,203,'A thrilling ride from start to finishhighly recommend!',1,'2024-07-04'),(1120,40,205,'Entertaining, but a few slow spots kept me from loving it.',1,'2025-01-31'),(1121,13,148,'Entertaining, but a few slow spots kept me from loving it.',8,'2024-10-15'),(1122,43,92,'Strong acting but story felt a bit predictable.',8,'2025-01-01'),(1123,54,191,'Entertaining, but a few slow spots kept me from loving it.',2,'2024-09-01'),(1124,24,184,'Great script and excellent pacing, couldnt look away.',1,'2024-10-01'),(1125,32,148,'An emotional journey that really stayed with me afterward.',5,'2025-02-21'),(1126,10,26,'Beautiful cinematography, though the plot was average.',8,'2024-06-29'),(1127,30,397,'Good for a onetime watch; not sure Id revisit it frequently.',9,'2024-12-31'),(1128,36,296,'Good for a onetime watch; not sure Id revisit it frequently.',5,'2024-12-15'),(1129,29,142,'An emotional journey that really stayed with me afterward.',3,'2025-01-28'),(1130,16,203,'Good for a onetime watch; not sure Id revisit it frequently.',10,'2025-03-13'),(1131,42,477,'Beautiful cinematography, though the plot was average.',7,'2024-11-28'),(1132,21,367,'Laughoutloud funny in places and genuinely moving in others.',2,'2025-01-28'),(1133,49,130,'A masterpieceone of the best movies Ive seen this year.',9,'2025-04-03'),(1134,48,432,'Good for a onetime watch; not sure Id revisit it frequently.',4,'2024-09-13'),(1135,5,341,'A thrilling ride from start to finishhighly recommend!',1,'2024-08-28'),(1136,45,117,'A masterpieceone of the best movies Ive seen this year.',7,'2024-08-25'),(1137,40,300,'Good for a onetime watch; not sure Id revisit it frequently.',10,'2025-03-28'),(1138,19,342,'Fantastic film with superb performances and stunning visuals.',9,'2025-01-27'),(1139,44,347,'Good for a onetime watch; not sure Id revisit it frequently.',3,'2025-02-07'),(1140,9,416,'Good for a onetime watch; not sure Id revisit it frequently.',7,'2024-12-04'),(1141,27,31,'An emotional journey that really stayed with me afterward.',5,'2024-08-09'),(1142,19,424,'A thrilling ride from start to finishhighly recommend!',3,'2025-04-14'),(1143,32,162,'Beautiful cinematography, though the plot was average.',6,'2025-03-03'),(1144,56,79,'Fantastic film with superb performances and stunning visuals.',8,'2024-12-27'),(1145,41,216,'Entertaining, but a few slow spots kept me from loving it.',10,'2024-07-13'),(1146,24,66,'An emotional journey that really stayed with me afterward.',2,'2024-04-23'),(1147,57,367,'Fantastic film with superb performances and stunning visuals.',8,'2024-11-14'),(1148,3,131,'A thrilling ride from start to finishhighly recommend!',4,'2024-11-19'),(1149,29,103,'Beautiful cinematography, though the plot was average.',5,'2024-06-13'),(1150,17,277,'Beautiful cinematography, though the plot was average.',4,'2025-01-20'),(1151,55,260,'Great script and excellent pacing, couldnt look away.',9,'2025-03-03'),(1152,47,8,'Strong acting but story felt a bit predictable.',8,'2024-08-15'),(1153,26,299,'Great script and excellent pacing, couldnt look away.',5,'2024-12-08'),(1154,41,369,'A thrilling ride from start to finishhighly recommend!',3,'2024-08-01'),(1155,24,396,'A masterpieceone of the best movies Ive seen this year.',10,'2024-08-27'),(1156,5,449,'Entertaining, but a few slow spots kept me from loving it.',9,'2024-05-14'),(1157,56,68,'An emotional journey that really stayed with me afterward.',5,'2024-07-26'),(1158,29,303,'A thrilling ride from start to finishhighly recommend!',1,'2025-02-15'),(1159,17,221,'Laughoutloud funny in places and genuinely moving in others.',3,'2024-06-27'),(1160,23,487,'Beautiful cinematography, though the plot was average.',3,'2024-09-05'),(1161,53,42,'An emotional journey that really stayed with me afterward.',6,'2025-03-19'),(1162,14,435,'Fantastic film with superb performances and stunning visuals.',2,'2024-10-20'),(1163,26,380,'Fantastic film with superb performances and stunning visuals.',9,'2024-11-17'),(1164,48,487,'A thrilling ride from start to finishhighly recommend!',7,'2024-08-21'),(1165,19,351,'Great script and excellent pacing, couldnt look away.',2,'2024-06-09'),(1166,54,450,'Beautiful cinematography, though the plot was average.',3,'2024-11-23'),(1167,54,477,'Beautiful cinematography, though the plot was average.',4,'2025-02-02'),(1168,27,253,'Beautiful cinematography, though the plot was average.',2,'2025-03-28'),(1169,51,54,'Strong acting but story felt a bit predictable.',2,'2025-02-28'),(1170,31,159,'Laughoutloud funny in places and genuinely moving in others.',9,'2024-09-18'),(1171,30,375,'Good for a onetime watch; not sure Id revisit it frequently.',5,'2024-12-30'),(1173,19,285,'Good for a onetime watch; not sure Id revisit it frequently.',10,'2024-05-27'),(1228,2,501,'The movie was awesome',5,'2025-04-22'),(1229,2,77,'Nice Movie!!',5,'2025-04-22'),(1231,3,456792,'Excellent Movie',5,'2025-04-22'),(1234,53,372,'noice!!!!!!',8,'2025-04-22'),(1235,55,372,'good moviee!!!!',8,'2025-04-22'),(1236,55,503,'very noice moviee!!!!!!!!!!!!!!!!',9,'2025-04-22');
/*!40000 ALTER TABLE `Reviews` ENABLE KEYS */;
UNLOCK TABLES;

--
-- Table structure for table `StreamingPlatforms`
--

DROP TABLE IF EXISTS `StreamingPlatforms`;
/*!40101 SET @saved_cs_client     = @@character_set_client */;
/*!50503 SET character_set_client = utf8mb4 */;
CREATE TABLE `StreamingPlatforms` (
  `PlatformName` varchar(100) NOT NULL,
  `URL` varchar(255) DEFAULT NULL,
  PRIMARY KEY (`PlatformName`)
) ENGINE=InnoDB DEFAULT CHARSET=utf8mb4 COLLATE=utf8mb4_0900_ai_ci;
/*!40101 SET character_set_client = @saved_cs_client */;

--
-- Dumping data for table `StreamingPlatforms`
--

LOCK TABLES `StreamingPlatforms` WRITE;
/*!40000 ALTER TABLE `StreamingPlatforms` DISABLE KEYS */;
INSERT INTO `StreamingPlatforms` VALUES ('Amazon Prime','https://primevideo.com'),('Apple TV+','https://tv.apple.com'),('Disney+','https://www.disneyplus.com'),('HBO','https://hbo.com'),('HBO Max','https://www.max.com'),('Hotstar','https://www.hotstar.com'),('Hulu','https://hulu.com'),('Netflix','https://netflix.com'),('Paramount+','https://www.paramountplus.com'),('Peacock','https://www.peacocktv.com'),('SonyLIV','https://www.sonyliv.com'),('YouTube Movies','https://www.youtube.com/movies'),('ZEE5','https://www.zee5.com');
/*!40000 ALTER TABLE `StreamingPlatforms` ENABLE KEYS */;
UNLOCK TABLES;

--
-- Table structure for table `Users`
--

DROP TABLE IF EXISTS `Users`;
/*!40101 SET @saved_cs_client     = @@character_set_client */;
/*!50503 SET character_set_client = utf8mb4 */;
CREATE TABLE `Users` (
  `UserID` int NOT NULL AUTO_INCREMENT,
  `FirstName` varchar(50) DEFAULT NULL,
  `LastName` varchar(50) DEFAULT NULL,
  `Email` varchar(100) DEFAULT NULL,
  `Password` varchar(255) DEFAULT NULL,
  PRIMARY KEY (`UserID`),
  UNIQUE KEY `Email` (`Email`)
) ENGINE=InnoDB AUTO_INCREMENT=60 DEFAULT CHARSET=utf8mb4 COLLATE=utf8mb4_0900_ai_ci;
/*!40101 SET character_set_client = @saved_cs_client */;

--
-- Dumping data for table `Users`
--

LOCK TABLES `Users` WRITE;
/*!40000 ALTER TABLE `Users` DISABLE KEYS */;
INSERT INTO `Users` VALUES (1,'Elliot','Patel','elliot.johnson3@example.com','0987654321'),(2,'Eden','Walker','eden.walker2@example.com','12345678'),(3,'abc','def','abc@gmail.com','123'),(4,'Briar','Reid','briar.reid4@mail.com','123456'),(5,'Gale','Hughes','gale.hughes5@example.com','123456'),(6,'Cam','Lee','cam.lee6@mail.com','123456'),(7,'Casey','Anderson','casey.anderson7@test.org','123456'),(8,'Briar','Robinson','briar.robinson8@mail.com','123456'),(9,'Taylor','Evans','taylor.evans9@demo.net','123456'),(10,'Quinn','Zhang','quinn.zhang10@example.com','123456'),(11,'Indy','Garcia','indy.garcia11@mail.com','123456'),(12,'Nico','Robinson','nico.robinson12@example.com','123456'),(13,'Taylor','Carter','taylor.carter13@test.org','123456'),(14,'Dev','Johnson','dev.johnson14@test.org','123456'),(15,'Val','Quinn','val.quinn15@demo.net','123456'),(16,'Peyton','Vega','peyton.vega16@example.com','123456'),(17,'Haven','Barrett','haven.barrett17@test.org','123456'),(18,'Beau','Carter','beau.carter18@demo.net','123456'),(19,'Aria','Perez','aria.perez19@example.com','123456'),(20,'Vesper','Nelson','vesper.nelson20@example.com','123456'),(21,'Elliot','Reid','elliot.reid21@mail.com','123456'),(22,'Briar','Kaur','briar.kaur22@test.org','123456'),(23,'Wren','Reid','wren.reid23@test.org','123456'),(24,'Keegan','Harris','keegan.harris24@example.com','123456'),(25,'Reese','Lee','reese.lee25@demo.net','123456'),(26,'Gray','Yates','gray.yates26@example.com','123456'),(27,'Indy','Thomas','indy.thomas27@test.org','123456'),(28,'Jordan','Zimmerman','jordan.zimmerman28@mail.com','123456'),(29,'Val','Patel','val.patel29@test.org','123456'),(30,'Nova','Thomas','nova.thomas30@mail.com','123456'),(31,'Briar','Barrett','briar.barrett31@mail.com','123456'),(32,'Morgan','Reid','morgan.reid32@test.org','123456'),(33,'Winter','Evans','winter.evans33@example.com','123456'),(34,'Ira','Nelson','ira.nelson34@example.com','123456'),(35,'Reese','Davis','reese.davis35@mail.com','123456'),(36,'Vesper','Zhang','vesper.zhang36@example.com','123456'),(37,'Winter','Ellis','winter.ellis37@demo.net','123456'),(38,'Ira','Smith','ira.smith38@mail.com','123456'),(39,'Gale','Bennett','gale.bennett39@example.com','123456'),(40,'Asher','Garcia','asher.garcia40@example.com','123456'),(41,'Owen','Ellis','owen.ellis41@mail.com','123456'),(42,'Dev','Yates','dev.yates42@mail.com','123456'),(43,'Parker','Chen','parker.chen43@example.com','123456'),(44,'Nico','Young','nico.young44@test.org','123456'),(45,'Dana','Underwood','dana.underwood45@mail.com','123456'),(46,'Elliot','Davis','elliot.davis46@demo.net','123456'),(47,'Jules','Zimmerman','jules.zimmerman47@example.com','123456'),(48,'Cam','Miller','cam.miller48@test.org','123456'),(49,'Yuri','Xiong','yuri.xiong49@demo.net','123456'),(50,'Beau','Yates','beau.yates50@demo.net','123456'),(51,'hardik','mehta','hh@gmail.com','123'),(52,'afds','aff','fa@gmail.com','123'),(53,'hh','mm','hhmm@gmail.com','1122'),(54,'asd','asf','hhmsm@gmail.com','1234'),(55,'hardik','mehta','h@gmail.com','123'),(56,'ads','asd','hhmsdfm@gmail.com','1234'),(57,'happy','prajapati','happy@prajapati.com','123456789'),(59,'hardik','js','hgkdhks@gmail.com','1212');
/*!40000 ALTER TABLE `Users` ENABLE KEYS */;
UNLOCK TABLES;
/*!40103 SET TIME_ZONE=@OLD_TIME_ZONE */;

/*!40101 SET SQL_MODE=@OLD_SQL_MODE */;
/*!40014 SET FOREIGN_KEY_CHECKS=@OLD_FOREIGN_KEY_CHECKS */;
/*!40014 SET UNIQUE_CHECKS=@OLD_UNIQUE_CHECKS */;
/*!40101 SET CHARACTER_SET_CLIENT=@OLD_CHARACTER_SET_CLIENT */;
/*!40101 SET CHARACTER_SET_RESULTS=@OLD_CHARACTER_SET_RESULTS */;
/*!40101 SET COLLATION_CONNECTION=@OLD_COLLATION_CONNECTION */;
/*!40111 SET SQL_NOTES=@OLD_SQL_NOTES */;

-- Dump completed on 2025-11-26 10:37:59
